"","year","wgr","masters_finish","total_score","ranking","top_10","wins","score_average","rounds","bounce_back","driving_accuracy","driving_distance","par5_SA","gir","hole_proximity","putts_round","scramble","sg_putt","sg_t2g","sg_total","points_gained","m_cut","top_25","new_score","m_play"
"1",2006,26,52,307,98,2,1,71.197,78,19.3,60.73,288.3,4.64,58.26,3928.25,27.96,59.37,0.595,-0.517,0.001,90.66,"1","0",307,"0"
"2",2007,18,99,148,44,7,1,70.088,83,18.07,60,291.9,4.56,60.35,3627.833,28.26,60.6,0.629,0.435,1.064,27.925,"0","0",308,"1"
"3",2008,52,17,284,34,3,0,70.196,76,20.2,59.45,290.3,4.61,62.02,3466.333,28.38,58.52,0.762,0.123,0.885,15.851,"1","1",284,"1"
"4",2010,69,47,293,31,2,0,70.995,94,27.72,56.65,298.9,4.69,64.6,4551,28.57,57.1,0.509,-0.294,0.208,81.498,"1","0",293,"1"
"5",2011,39,40,293,24,5,1,70.23,77,26.15,55.67,296.2,4.59,65.48,3095.917,28.39,59.44,0.324,0.824,1.148,35.244,"1","0",293,"1"
"6",2016,46,36,294,17,2,0,70.719,93,25.4,63.62,290.1,4.66,66.07,4395.667,28.55,58.27,0.529,-0.003,0.526,97.086,"1","0",294,"0"
"7",2017,43,24,287,40,5,1,70.583,98,18.07,62.85,290.7,4.66,64.89,4101.167,28.43,63.47,0.47,0.17,0.64,50.063,"1","1",287,"1"
"8",2005,11,27,292,81,6,0,70.198,72,23.35,57.4,300.1,4.6,67.24,2314.167,29.43,55.36,0.016,1.03,1.047,57.16,"1","0",292,"0"
"9",2006,3,27,300,3,10,1,68.946,70,19.35,62,301.1,4.61,69.12,2473.25,29.28,57.94,-0.13,2.23,2.08,79.98,"1","0",300,"1"
"10",2007,6,25,292,11,6,1,70.008,69,23.61,59.17,300.9,4.6,65.44,2730.75,29.34,52.01,0.129,1.105,1.234,71,"1","1",292,"1"
"11",2008,23,99,146,28,3,1,70.06,51,19.19,54.66,302.1,4.59,63.72,1606.167,29.73,53.44,-0.44,1.299,0.859,30.454,"0","0",306,"1"
"12",2009,51,18,287,173,1,0,71.72,53,22.04,58.77,294.9,4.63,62.82,2166.75,30.1,53.16,-0.881,0.22,-0.66,8.359,"1","1",287,"1"
"13",2010,28,2,276,13,4,1,70.468,70,21.94,62.93,294.4,4.67,69.61,2392.75,30.07,54.03,-0.746,1.609,0.862,19.238,"1","1",276,"1"
"14",2011,13,8,284,2,7,1,69.872,60,25,63.98,299.7,4.56,68.08,2356.333,29.39,59,-0.247,0.882,0.635,14.124,"1","1",284,"1"
"15",2012,7,1,279,23,5,0,69.533,59,22.42,59.61,304.6,4.57,66.57,2031.417,29.53,55.87,-0.138,1.302,1.164,33.047,"1","1",279,"1"
"16",2013,2,14,289,10,6,2,69.3,61,15,61.84,297.8,4.58,68.8,2046.417,29.52,56.38,-0.027,1.337,1.31,43.63,"1","1",289,"1"
"17",2014,6,38,289,1,10,1,69.205,68,20.73,61.51,303.5,4.48,68.79,2699.333,28.76,60.73,0.22,1.5,1.72,22.71,"1","0",289,"1"
"18",2015,6,42,299,26,3,0,70.456,51,20.74,60.69,311.6,4.58,69.62,1564,30.11,54.09,-0.396,0.601,0.206,173.212,"1","0",299,"1"
"19",2016,9,9,286,6,9,2,69.47,79,21.81,55.55,304.6,4.58,70.76,2263.667,29.5,59.5,-0.168,2.062,1.894,18.154,"1","1",286,"1"
"20",2017,60,32,289,36,4,0,69.996,58,23.72,55.99,306.1,4.67,66.87,2206.25,29.29,59.28,0.056,1.01,1.066,11.593,"1","0",289,"1"
"21",2010,178,35,288,151,4,0,71.219,81,19.92,70.31,277.4,4.76,66.6,2897.417,29.7,56.42,-0.466,0.396,-0.073,7.202,"1","0",288,"0"
"22",2007,52,99,155,180,0,0,70.856,55,12.42,66.95,280.7,4.73,62.85,1847.833,29.78,55.13,-0.176,0.087,-0.089,10.408,"0","0",315,"0"
"23",2008,41,49,298,146,3,1,70.816,69,16.3,52.83,299.1,4.68,58.79,2951,28.49,57.75,0.008,-0.414,-0.406,25.403,"1","0",298,"0"
"24",2008,13,20,286,2,8,2,69.279,81,21.78,58.34,300.9,4.55,65.78,3266.667,28.85,59.32,0.362,1.117,1.479,30.54,"1","1",286,"0"
"25",2009,26,3,276,34,3,0,70.507,76,18.5,53.65,299,4.58,62.69,3151.917,28.36,57.14,0.245,0.235,0.479,45.191,"1","1",276,"1"
"26",2005,44,14,288,53,4,0,70.317,65,19.53,66.7,283.5,4.7,66.84,2680.917,29.3,59.31,0.149,0.315,0.464,72.25,"1","1",288,"0"
"27",2006,38,58,310,39,4,1,69.858,82,20,62.53,285,4.58,69.27,2853.917,29.56,57.67,0.167,0.927,0.988,18.55,"1","0",310,"1"
"28",2007,36,25,292,127,5,0,69.807,69,19.39,61.7,285.5,4.74,62.25,2675.5,28.81,59.74,0.362,0.821,1.183,7.471,"1","1",292,"1"
"29",2005,35,99,149,19,4,2,70.187,91,20.25,73,283.2,4.62,68.93,3987.5,29.53,56.58,0.298,0.772,1.07,17.97,"0","0",309,"0"
"30",2006,35,99,154,129,2,0,70.745,87,20.85,72.76,282.2,4.72,68.67,3216.25,30.06,55.46,-0.138,0.533,0.433,50.06,"0","0",314,"1"
"31",2005,40,99,149,11,6,1,69.7,78,23.92,56.63,293.1,4.62,62.39,3561,27.96,60.08,0.939,0,0.939,12.05,"0","0",309,"0"
"32",2006,64,99,157,83,3,0,70.834,85,19.59,63.51,285.8,4.65,62.01,3328.667,28.46,56.49,0.849,-0.369,0.613,0,"0","0",317,"1"
"33",2009,55,24,288,15,4,0,70.376,93,20.58,67.75,285,4.66,64.87,3615.583,28.49,62.07,0.431,0.344,0.775,58.219,"1","1",288,"1"
"34",2010,39,99,148,2,5,1,70.234,85,23.81,71.13,282.3,4.67,68.22,3053.167,29.07,59.06,0.266,0.594,0.862,20.203,"0","0",308,"1"
"35",2011,48,17,287,85,4,1,70.434,76,16.75,67.06,284.9,4.73,66.36,3282.083,29.08,61.31,0.134,0.356,0.49,49.792,"1","1",287,"1"
"36",2014,181,99,157,113,2,1,70.954,81,18.67,66.4,279,4.84,63.44,3894.417,28.78,59.1,0.138,-0.29,-0.152,2.073,"0","0",317,"1"
"37",2005,174,39,295,197,2,0,72.393,65,12.33,63.41,280,4.88,61.88,2960.833,29.51,53.59,-0.101,-0.857,-0.958,0,"1","0",295,"0"
"38",2006,62,99,156,180,2,2,71.192,86,14.46,66.61,278.8,4.72,65.25,3226.667,29.5,56.88,0.077,-0.144,0.113,0,"0","0",316,"1"
"39",2007,168,99,150,194,2,0,71.582,80,12.32,67.37,277.1,4.78,60.56,3768.667,29.48,52.46,-0.188,-0.561,-0.749,1.98,"0","0",310,"1"
"40",2008,36,35,288,47,5,0,69.981,80,17.33,67.2,284.7,4.7,63.45,2913.167,28.92,59.2,0.321,0.44,0.761,8.761,"1","0",288,"1"
"41",2009,73,99,148,153,1,0,70.978,63,17.44,64.75,279.5,4.7,64.25,2667.583,29.24,58.65,0.766,-0.515,0.251,13.283,"0","0",308,"1"
"42",2012,105,99,151,83,3,1,70.538,62,23.03,69.7,274.8,4.71,68.87,2214.5,29.36,58.46,0.505,0.401,0.906,8.221,"0","0",311,"1"
"43",2014,67,99,148,34,3,0,70.732,80,20.59,64.34,291.7,4.71,66.04,3094.833,28.93,59.1,0.291,0.13,0.421,24.047,"0","0",308,"0"
"44",2005,57,99,153,104,3,0,70.506,67,20.2,57.55,289.1,4.66,65.01,2130.833,29.18,60.19,0.145,0.347,0.492,0,"0","0",313,"0"
"45",2006,139,99,155,119,1,0,71.126,77,22,62.41,285.8,4.63,65.66,3227.417,29.17,59.1,0.3,0.09,0.308,0,"0","0",315,"1"
"46",2009,86,26,289,13,4,0,70.53,91,25.41,62.81,298.3,4.61,67.37,4394.417,29.17,59.49,0.036,0.42,0.455,53.24,"1","0",289,"0"
"47",2010,46,42,290,19,4,2,70.308,87,17.04,64.17,293.3,4.59,69.92,3554.25,29.48,57.96,-0.065,0.985,0.918,43.489,"1","0",290,"1"
"48",2011,17,37,292,19,7,1,70.135,93,19.91,63.59,296.6,4.6,69.44,3823.5,29.53,58.3,0.165,0.752,0.916,88.686,"1","0",292,"1"
"49",2012,30,20,289,57,3,1,70.484,79,17.45,63.62,292.2,4.66,65.17,3220,29.33,60.74,0.103,0.564,0.668,56.964,"1","1",289,"1"
"50",2013,31,20,290,42,9,1,70.023,85,21,62.31,288.2,4.71,67.79,3229.917,29.27,62.01,0.266,0.999,1.265,39.015,"1","1",290,"1"
"51",2014,26,12,282,14,5,0,70.132,107,17.94,62.94,291.9,4.62,68.62,3822.833,29.33,60.37,0.147,0.943,1.09,62.332,"1","1",282,"1"
"52",2015,29,24,294,89,5,1,70.672,89,17.54,63.35,290.7,4.64,68.8,3229.083,29.58,61.9,-0.229,0.689,0.46,59.783,"1","1",294,"1"
"53",2016,39,36,294,92,6,0,70.444,86,19.02,62.34,289.6,4.69,67.14,2859.833,29.44,63.3,-0.174,0.693,0.519,49.532,"1","0",294,"1"
"54",2013,47,37,295,8,8,1,70.244,96,22.26,64.17,293.8,4.62,67.48,4282.75,29.14,55.69,0.381,0.275,0.656,20.272,"1","0",295,"0"
"55",2014,17,99,148,30,5,2,70.521,92,22.82,67.04,291.6,4.63,70.43,3477.25,29.86,55.32,0.22,0.518,0.738,32.25,"0","0",308,"1"
"56",2015,44,17,292,65,2,0,71.05,99,23.97,63.77,295,4.66,69.33,3997.75,29.71,57.61,0.244,0.202,0.446,28.768,"1","1",292,"1"
"57",2017,85,99,155,136,4,1,70.832,88,20.72,59.8,299.5,4.79,68.19,4069.083,29.86,54.47,0.165,-0.028,0.138,9.445,"0","0",315,"1"
"58",2016,137,99,151,126,2,1,70.846,66,16.94,65.36,277.7,4.71,62.71,2687.667,28.36,61.63,0.433,-0.084,0.348,9.424,"0","0",311,"0"
"59",2005,69,14,288,5,6,0,70.335,114,15.63,69.75,288.2,4.59,69.49,5163.583,29.49,59.44,-0.08,0.984,0.904,0,"1","1",288,"0"
"60",2006,118,59,311,82,4,0,70.762,94,13.15,70.14,282.3,4.7,66.55,3869.333,29.36,60.42,0.103,0.37,0.36,0,"1","0",311,"1"
"61",2008,130,99,152,65,4,0,70.512,103,19.27,72.16,284,4.68,68.12,4641.583,29.84,60.07,-0.228,0.605,0.377,1.635,"0","0",312,"1"
"62",2010,48,8,280,7,8,0,69.955,104,20,65.23,292,4.61,69.23,3971.917,29.31,62.33,0.098,1.091,1.192,13.311,"1","1",280,"0"
"63",2011,28,17,287,10,5,0,70.092,92,17.2,63.59,297.4,4.56,68.02,3480.417,29.57,58.69,-0.167,1.034,0.867,38.608,"1","1",287,"1"
"64",2012,25,20,289,4,10,0,69.718,84,20.75,64.79,296.1,4.61,67.07,3343.333,28.81,55.69,0.542,0.895,1.437,12.582,"1","1",289,"1"
"65",2007,48,20,291,61,5,1,70.303,101,20.61,64.65,296.6,4.75,65.86,4358.75,29.73,56.88,-0.192,0.819,0.627,35.042,"1","1",291,"0"
"66",2008,62,99,149,69,5,1,70.414,86,16.33,64.75,291.7,4.66,67.87,3300.75,30.19,57.08,-0.498,1.048,0.55,14.651,"0","0",309,"1"
"67",2013,67,99,156,35,4,1,70.611,100,18.09,66.36,290.9,4.6,69.39,3914.25,30.13,55.35,-0.676,0.774,0.099,9.684,"0","0",316,"1"
"68",2016,20,27,291,96,6,1,70.204,63,20.63,55.14,295.6,4.74,66.76,2006.75,29.28,59.05,-0.105,0.96,0.855,20.335,"1","0",291,"0"
"69",2017,33,24,287,146,2,0,70.862,70,14.55,58.19,290.6,4.64,66.2,2205.667,29.36,61.28,-0.21,0.493,0.283,44.691,"1","1",287,"1"
"70",2005,42,32,293,79,6,0,70.43,96,18.25,57.29,302.3,4.67,65.52,4495.833,29.21,56.57,0.15,0.557,0.707,18.8,"1","0",293,"0"
"71",2007,44,3,284,88,6,1,70.089,105,17.41,59.8,285.6,4.66,64.58,4073.167,28.58,61.18,0.511,0.161,0.672,32.291,"1","1",284,"0"
"72",2008,86,99,150,123,5,0,70.506,85,21.03,60.51,280.8,4.74,63.36,3277.417,29.11,57.22,0.122,0.161,0.282,5.808,"0","0",310,"1"
"73",2010,75,15,284,40,5,0,70.258,89,23.83,64.27,277.1,4.65,62.36,3384.917,27.97,61.19,0.464,0.109,0.572,29.08,"1","1",284,"1"
"74",2011,22,19,288,14,7,1,69.859,85,19.91,64.02,287.2,4.6,64.9,3596.167,28.51,61.45,0.588,0.507,1.094,73.464,"1","1",288,"1"
"75",2012,5,6,284,29,7,2,69.84,81,25.85,60.5,288.7,4.59,63.75,2927.917,27.92,62.08,0.86,0.15,1.01,117.02,"1","1",284,"1"
"76",2013,20,37,295,11,9,2,69.791,79,22.27,62.57,281.3,4.61,65.68,2508.583,28.38,60.86,0.692,0.449,1.141,20.82,"1","0",295,"1"
"77",2014,35,99,147,77,3,0,70.671,89,18.47,63.7,285.6,4.66,63.28,3168.667,28.74,59.48,0.326,0.318,0.644,67.327,"0","0",307,"1"
"78",2015,17,10,289,29,8,1,70.158,98,19.59,60.98,288.4,4.61,64.97,3549.333,28.26,63.27,0.588,0.02,0.607,114.983,"1","1",289,"1"
"79",2016,22,27,291,31,7,1,70.203,93,17.19,58.69,292.6,4.69,65.67,3397.083,28.66,62.73,0.343,0.518,0.86,47.107,"1","0",291,"1"
"80",2011,125,99,156,50,3,1,71.019,89,19.47,64.83,292.8,4.58,65.45,3877.667,29.39,54.53,-0.06,0.054,-0.006,12.393,"0","0",316,"0"
"81",2016,56,27,291,33,2,0,70.855,88,20.43,60.29,302.2,4.58,68.72,3507.417,29.8,54.76,-0.257,0.532,0.275,35.852,"1","0",291,"1"
"82",2017,40,99,151,51,4,1,70.503,89,21.89,62.28,299.9,4.64,67.29,3350.833,29.4,60.51,-0.119,0.889,0.77,38.829,"0","0",311,"1"
"83",2014,49,99,151,39,7,1,70.049,108,23.13,64.85,280.3,4.66,63.99,4446.75,28.32,63.57,0.664,0.129,0.793,26.811,"0","0",311,"0"
"84",2006,74,51,306,51,10,0,70.025,109,20.08,58.85,289.6,4.62,67.83,4566.917,29.19,61.84,0.642,0.606,1.289,0,"1","0",306,"0"
"85",2006,22,37,302,7,6,1,70.725,82,25.71,61.46,307.8,4.62,67.82,4074.833,29.3,53.47,-0.161,0.789,0.552,62.17,"1","0",302,"0"
"86",2007,55,99,148,50,4,0,70.902,88,22.93,58.15,303.3,4.69,66.28,3907.083,30.24,48.86,-0.533,0.667,0.134,2.1,"0","0",308,"1"
"87",2007,185,20,291,193,1,1,71.657,55,20.11,58.74,291.6,4.76,61.33,2486.417,29.16,58.03,-0.079,-0.66,-0.739,6.262,"1","1",291,"0"
"88",2009,54,99,151,91,4,2,70.4,96,17.8,72.24,268.5,4.67,62.44,3498.5,28.11,64.79,0.726,-0.095,0.632,23.52,"0","0",311,"0"
"89",2012,115,38,292,109,3,0,70.767,91,17.84,62.1,277.7,4.7,62.71,3691.833,28.13,64.38,0.704,-0.556,0.148,52.255,"1","0",292,"1"
"90",2014,89,99,148,41,6,1,70.391,111,20.47,60.96,289,4.69,64.26,4665.667,28.65,59.66,0.113,0.403,0.515,16.921,"0","0",308,"0"
"91",2017,23,44,292,38,7,1,70.402,104,20.63,62.07,289.6,4.67,63.19,4375.25,28.3,62.74,0.568,0.013,0.581,64.087,"1","0",292,"1"
"92",2016,145,36,294,150,1,1,71.242,66,17.93,71.07,277.7,4.79,63.3,2947,28.76,62.16,-0.022,-0.07,-0.093,14.635,"1","0",294,"0"
"93",2008,114,99,148,40,3,0,70.187,113,15.9,66.03,285.2,4.73,70,3881,29.88,62.43,-0.231,0.931,0.7,17.815,"0","0",308,"0"
"94",2014,19,33,288,11,2,0,70.052,56,25.32,56.91,307,4.6,64.98,2204.5,28.95,57.51,0.162,0.797,0.958,62.486,"1","0",288,"0"
"95",2015,18,21,293,6,8,1,69.861,84,27.36,57.33,308.2,4.55,69.48,3459.25,29.1,56.63,0.421,0.66,1.081,49.64,"1","1",293,"1"
"96",2016,25,11,287,3,7,0,69.956,75,28.77,58.6,302.6,4.61,66.98,3270.75,28.81,55.53,0.445,0.648,1.092,12.326,"1","1",287,"1"
"97",2017,63,38,291,116,2,1,70.866,91,17.87,58.04,299.1,4.66,65.77,3927.083,29.15,57.65,-0.18,0.423,0.243,51.31,"1","0",291,"0"
"98",2007,101,20,291,26,5,0,70.914,80,20.6,55.66,315.2,4.58,65.49,3777.417,29.43,56.54,0.085,0.288,0.372,18.542,"1","1",291,"0"
"99",2008,128,42,290,85,3,0,70.789,97,19.73,55.16,315.1,4.6,67.6,4245.167,30.05,54.69,-0.385,0.904,0.518,15.314,"1","0",290,"1"
"100",2010,17,38,289,8,4,1,70.229,77,22.75,55.67,309.8,4.52,68.54,3725.917,29.4,55.5,-0.077,0.77,0.695,80.729,"1","0",289,"1"
"101",2011,16,1,278,31,3,2,70.625,85,21.46,56.92,314.9,4.49,69.83,3053,29.86,50.82,-0.182,0.775,0.593,85.696,"1","1",278,"1"
"102",2012,14,50,295,15,7,1,69.639,68,18.71,58.84,315.5,4.51,69.95,2724.667,29.73,56.58,-0.28,1.809,1.529,38.19,"1","0",295,"1"
"103",2013,12,1,280,33,3,0,70.276,76,24.4,58.73,303.7,4.61,69.41,2911.5,29.85,54.48,-0.096,1.164,1.069,131.223,"1","1",280,"1"
"104",2014,3,38,289,7,8,2,69.712,76,24.28,60.47,314.3,4.58,67.96,3129.083,28.99,59.14,-0.05,1.402,1.352,64.97,"1","0",289,"1"
"105",2015,4,37,297,11,10,2,69.296,71,28.24,56.55,315.2,4.47,69.32,2872.333,28.96,61.89,0.212,1.876,2.088,120.209,"1","0",297,"1"
"106",2016,19,99,152,24,4,1,70.333,72,23.35,55.11,310.6,4.53,69.16,2616.917,29.78,52.74,-0.367,1.359,0.992,16.196,"0","0",312,"1"
"107",2017,19,5,279,117,4,0,71.175,71,21.84,59.58,305.6,4.62,63.02,3086.25,29.28,55.67,-0.171,0.287,0.116,150.093,"1","1",279,"1"
"108",2017,45,5,279,61,4,1,70.909,86,21.58,56.26,292.6,4.63,63.14,3666.333,28.52,58.64,0.084,0.418,0.502,39.747,"1","1",279,"0"
"109",2014,92,38,289,63,3,0,70.63,111,21.45,63.87,282.9,4.63,66.77,4760.5,29.17,59.34,0.107,0.56,0.668,13.038,"1","0",289,"0"
"110",2006,94,99,165,63,4,0,70.749,95,22.46,58.06,302.1,4.67,65.29,4215.333,29.29,56.45,-0.278,0.922,0.545,0,"0","0",325,"0"
"111",2007,60,99,150,49,6,0,70.163,82,16.94,60.23,298.3,4.72,65.72,3454.25,29.38,57.31,0.046,0.903,0.949,17.796,"0","0",310,"1"
"112",2008,8,13,282,8,7,2,69.49,79,22.58,58.15,293.3,4.54,64.6,2999.667,28.97,53.52,0.088,1.166,1.254,46.283,"1","1",282,"1"
"113",2009,12,38,294,41,4,0,70.29,76,20.93,61.31,293,4.62,66.67,2658.083,29.34,56.85,-0.203,1.028,0.825,104.58,"1","0",294,"1"
"114",2010,50,49,294,95,7,1,70.425,78,16.5,61.66,289.6,4.72,66.05,2652.417,29.43,57.5,-0.396,1.087,0.691,6.24,"1","0",294,"1"
"115",2014,128,99,148,48,1,1,70.716,95,19.32,59.95,292.5,4.72,66.96,3795.583,29.21,56.64,0,0.316,0.315,16.636,"0","0",308,"1"
"116",2005,45,27,292,45,3,1,70.877,109,20.74,60.82,291.7,4.62,66.08,4670,28.92,61.47,0.055,0.338,0.394,45.05,"1","0",292,"0"
"117",2006,45,52,307,104,6,1,70.654,95,24.14,61.01,286.6,4.66,62.31,4304.25,28.84,58.95,0.361,0.427,0.701,19.15,"1","0",307,"1"
"118",2008,77,99,154,49,5,1,70.245,110,16.93,59.87,286,4.69,63.54,4917.167,28.8,59,0.534,0.22,0.754,10.65,"0","0",314,"1"
"119",2010,101,99,148,57,4,1,70.552,99,20.16,62.82,282.1,4.78,63.8,3865.583,28.24,62.06,0.818,-0.263,0.554,16.706,"0","0",308,"1"
"120",2012,35,61,304,28,6,1,70.013,92,19.33,57.63,297.1,4.66,63.89,4008.25,28.46,60.37,0.444,0.424,0.867,20.018,"1","0",304,"1"
"121",2005,20,3,284,59,5,0,70.295,95,15.23,61.57,294,4.7,68.54,3694.917,29.65,55.66,0.165,0.529,0.694,101.68,"1","1",284,"0"
"122",2006,30,99,154,52,5,1,70.585,91,19.43,59.77,290.9,4.67,67.43,3072,29.51,57.84,-0.086,0.497,0.311,33.03,"0","0",314,"1"
"123",2008,73,2,276,6,7,0,70.04,94,14.86,65.68,289.9,4.64,68.44,3766.5,29.5,54.68,0.169,0.732,0.901,11.347,"1","1",276,"1"
"124",2009,71,45,298,27,3,0,70.43,90,21.17,63.5,291,4.68,69.19,2912.25,29.3,59.75,0.03,0.572,0.602,13.87,"1","0",298,"1"
"125",2011,8,50,296,43,3,1,69.619,58,18.67,61.73,297,4.7,65.97,2136.583,29.25,59.77,0.052,0.898,0.95,48.25,"1","0",296,"0"
"126",2012,15,25,290,72,2,0,70.281,56,22.15,61.41,295.8,4.73,62.65,1766.667,28.74,58.95,0.084,0.84,0.925,58.299,"1","1",290,"1"
"127",2013,17,99,149,28,5,0,69.651,69,22.92,59.87,296.1,4.58,65.85,2620.75,29.01,55.02,0.301,0.967,1.268,30.957,"0","0",309,"1"
"128",2014,36,38,289,11,5,0,69.671,64,21.43,59.45,297.8,4.52,63.53,2899.667,28.34,61.67,0.055,1.286,1.341,33.113,"1","0",289,"1"
"129",2015,21,99,152,118,3,0,71.093,67,24.1,60.81,300.4,4.64,64.99,2264.583,29.57,54.66,-0.555,0.629,0.073,82.842,"0","0",312,"1"
"130",2016,29,3,282,30,5,1,70.004,73,19.37,56.86,296.7,4.66,68.73,2598.833,29.34,59.64,-0.137,1.18,1.043,18.506,"1","1",282,"1"
"131",2017,58,99,150,67,3,0,70.211,63,23.6,53.59,298.4,4.58,61.69,2684.583,28.45,60.5,0.22,0.583,0.803,8.193,"0","0",310,"1"
"132",2005,56,99,164,56,6,0,70.367,95,21.54,57.51,293.6,4.55,66.11,3821.583,29.44,59.02,0.283,0.705,0.988,0,"0","0",324,"0"
"133",2006,146,30,301,146,3,0,70.946,96,20.44,56.39,295.4,4.63,65.89,4369.917,29.75,56.92,0.11,0.541,0.478,0,"1","0",301,"1"
"134",2007,185,99,148,107,5,1,70.655,89,17.71,49.54,299.8,4.62,63.37,3532.75,29.67,55.38,0.338,0.03,0.368,0,"0","0",308,"1"
"135",2011,56,19,288,39,7,0,69.66,108,20.33,57.51,297.3,4.56,68.91,4276.417,29.31,63.92,0.38,0.86,1.239,0,"1","1",288,"1"
"136",2010,63,27,287,6,5,1,70.254,85,27.78,61.59,298.2,4.57,66.53,3844.167,28.73,60.6,0.104,0.889,0.995,13.723,"1","0",287,"0"
"137",2014,70,9,280,35,5,0,70.464,93,20.8,58.69,299.2,4.7,67.08,3662.583,28.97,59.53,0.266,0.691,0.956,31.2,"1","1",280,"1"
"138",2015,58,29,295,39,7,1,70.613,97,22.05,58.01,298.9,4.62,66.19,4386.833,28.83,58.74,0.065,0.269,0.335,16.111,"1","0",295,"1"
"139",2016,52,22,290,108,1,1,70.658,91,21.84,54.8,298.2,4.67,64.58,3687.417,29.17,57.75,-0.036,0.598,0.562,55.322,"1","1",290,"1"
"140",2017,28,12,282,19,7,0,70.351,112,21.22,57.72,298.3,4.58,66.13,4842.75,29,56.78,-0.059,0.839,0.78,18.275,"1","1",282,"1"
"141",2008,233,99,151,120,2,1,70.957,102,17.81,72.56,281.8,4.78,66.61,4307.333,29.53,58.91,-0.194,0.138,-0.056,7.056,"0","0",311,"0"
"142",2011,75,99,153,33,5,0,70.744,92,20.15,67.32,293.5,4.7,68.6,4479.083,29.58,55,-0.077,0.497,0.419,9.098,"0","0",313,"1"
"143",2017,47,53,298,23,4,0,70.244,98,20.63,70.53,284.8,4.7,66.91,4193.583,28.64,63.28,0.391,0.371,0.762,66.233,"1","0",298,"1"
"144",2005,10,99,150,60,6,0,70.405,83,19.9,61.55,281,4.67,64.15,3097.167,28.57,61.16,0.225,0.591,0.815,62.25,"0","0",310,"0"
"145",2006,27,99,153,101,2,0,70.787,83,22.17,64.34,279.3,4.68,66.45,2949.417,29.22,59.02,0.033,0.072,0.057,31.11,"0","0",313,"1"
"146",2013,52,20,290,16,3,0,70.206,89,26.67,59.65,289,4.69,65.92,3673,28.26,65.38,0.456,0.506,0.962,38.536,"1","1",290,"0"
"147",2014,23,33,288,27,5,2,70.15,105,19.93,62.78,291,4.61,63.46,4418.25,28.44,63.3,0.374,0.489,0.862,17.761,"1","0",288,"1"
"148",2015,53,99,153,59,3,1,70.959,76,21.29,61.97,285.8,4.64,64.54,2593.917,28.6,60.3,0.065,0.35,0.414,27.034,"0","0",313,"1"
"149",2010,87,99,148,137,3,0,70.958,90,17.81,64.52,283,4.69,67.9,4059,29.74,58.65,-0.1,0.302,0.199,60.8,"0","0",308,"0"
"150",2012,70,38,292,104,3,0,70.946,88,20.7,64.66,284,4.68,66.48,4220.583,29.48,56.5,-0.109,0.394,0.284,56,"1","0",292,"1"
"151",2013,87,99,150,135,3,1,71.116,87,24.26,63.48,281.1,4.68,62.77,3332,29.08,55.92,-0.161,0.16,0,2.16,"0","0",310,"1"
"152",2007,117,99,153,124,3,0,71.083,99,17.07,65.36,295.1,4.68,66.95,5007.917,29.88,58.74,-0.559,0.53,-0.029,42.462,"0","0",313,"0"
"153",2008,67,44,293,48,4,1,70.329,94,23.55,65.31,291.3,4.69,66.25,4145.333,29.52,55.69,-0.411,0.934,0.523,30.561,"1","0",293,"1"
"154",2015,59,10,289,25,6,0,70.581,97,25.88,60.74,302.1,4.58,68.84,4159.833,29.23,60.66,-0.193,0.682,0.489,10.135,"1","1",289,"0"
"155",2016,34,27,291,49,6,1,70.339,92,25.32,56.68,298.4,4.64,67.67,3613,29.08,56.95,0.175,0.718,0.893,36.232,"1","0",291,"1"
"156",2017,37,32,289,33,6,1,70.121,91,27.27,60.02,296.5,4.61,66.93,3365,28.73,62.8,0.202,0.83,1.032,29.568,"1","0",289,"1"
"157",2007,66,99,150,48,3,1,70.948,106,20.21,55.34,297.6,4.68,65.2,4796.833,28.74,60.39,0.222,0.18,0.402,58.531,"0","0",310,"0"
"158",2016,88,46,297,69,2,0,70.771,99,21.09,58.65,288,4.62,63.02,4976.417,28.54,57.21,0.592,-0.356,0.236,8.291,"1","0",297,"0"
"159",2015,38,17,292,20,8,1,70.398,120,21.09,63.92,283.1,4.68,65.69,4900.75,28.27,60.86,0.374,0.354,0.729,28.823,"1","1",292,"0"
"160",2009,108,99,151,141,1,0,72.303,56,16.41,50.9,292.7,4.73,60.91,2324.75,28.96,48.98,-0.126,-1.602,-1.728,25.86,"0","0",311,"0"
"161",2006,21,44,304,86,1,0,70.885,52,19.21,62.38,289.1,4.76,63.21,1821,28.89,53.69,0.637,0.074,0.675,7.81,"1","0",304,"0"
"162",2015,42,99,152,66,4,1,70.8,90,19.42,65.51,289.5,4.64,64.94,3786.75,28.66,61.27,0.039,0.366,0.405,36.657,"0","0",312,"0"
"163",2013,65,99,152,146,2,0,71.016,70,18.69,59.27,277.9,4.74,62.48,2638.667,28.7,60.52,0.432,-0.071,0.361,5.261,"0","0",312,"0"
"164",2005,8,99,150,6,11,1,69.66,87,24.51,65.96,287.8,4.58,67.39,2885,28.71,56.86,0.305,0.922,1.226,123.02,"0","0",310,"0"
"165",2006,20,9,294,10,6,1,70.089,76,25.54,69.18,285.4,4.65,66.18,2937.917,29.01,59.29,0.338,0.911,1.249,39.7,"1","1",294,"1"
"166",2007,53,42,299,80,7,0,69.883,80,18.58,64.85,282.5,4.7,63.78,2865.833,28.83,58.57,0.278,0.612,0.89,7.963,"1","0",299,"1"
"167",2009,61,14,286,9,7,0,69.73,98,22.22,73.26,284.2,4.64,68.32,3515.917,28.97,61.19,0.093,1.057,1.15,8.803,"1","1",286,"1"
"168",2010,79,24,286,40,2,0,70.337,86,20,71.88,281.3,4.72,67.58,2884.667,28.89,61.29,0.274,0.433,0.693,25.518,"1","1",286,"1"
"169",2011,34,50,296,3,7,1,69.706,78,22.04,71.82,279.1,4.59,70.2,2464.417,28.96,61.21,0.446,0.836,1.282,18.068,"1","0",296,"1"
"170",2012,76,13,287,61,5,0,70.74,60,16.77,69.75,275.5,4.71,66.09,1886.5,29.22,61.86,-0.141,0.331,0.191,1.999,"1","1",287,"1"
"171",2005,7,22,291,7,9,0,69.839,80,24.26,57.88,305.4,4.61,66.81,3200.083,29.15,59.82,0.195,0.945,1.14,0,"1","1",291,"0"
"172",2006,17,27,300,17,4,1,70.785,85,22.52,59.89,301.9,4.6,66.59,3137.75,29,55.14,0.266,0.586,0.758,0,"1","0",300,"1"
"173",2010,23,99,152,69,3,0,70.888,79,22.32,64.2,297.7,4.6,70.25,2965.417,30.24,54.37,-0.51,0.68,0.173,0,"0","0",312,"1"
"174",2015,159,42,299,155,2,1,71.289,51,15.97,64.94,294.7,4.74,67.43,2077.667,29.67,57.19,-0.347,-0.031,-0.377,4.023,"1","0",299,"1"
"175",2006,76,30,301,67,6,1,70.67,115,23.43,63.47,282.9,4.7,65.27,4837.5,28.83,59.37,0.661,-0.169,0.408,0,"1","0",301,"0"
"176",2013,168,99,152,171,1,1,72.271,58,15.64,60.49,291.5,4.76,63.89,3118.333,29.86,49.34,-0.216,-0.859,-1.075,4.39,"0","0",312,"0"
"177",2008,72,44,293,66,6,0,70.587,74,22.6,61.18,275.5,4.76,66.11,3336.417,28.83,61.12,0.652,-0.119,0.532,0,"1","0",293,"0"
"178",2008,40,30,287,104,3,1,71.223,92,19.34,53.05,309.7,4.71,63.71,4862.5,29.4,51.58,-0.319,0.038,-0.28,67.676,"1","0",287,"0"
"179",2009,30,38,294,8,5,1,70.414,85,22.95,55.4,308.3,4.61,66.07,3572.583,28.88,55.95,0.031,0.822,0.853,81.589,"1","0",294,"1"
"180",2010,12,38,289,12,7,2,70.135,83,21.37,56.35,308.5,4.58,67.95,3598.333,29.37,55.81,0.112,0.869,0.979,72.378,"1","0",289,"1"
"181",2012,19,13,287,12,9,1,69.564,70,20.11,56.3,310.2,4.56,65.75,2596,28.64,60.29,0.185,1.324,1.509,73.696,"1","1",287,"1"
"182",2013,10,99,151,30,6,1,70.115,71,27.91,53.36,305.8,4.61,66.75,2553.333,29.4,53.22,-0.101,0.906,0.805,86.006,"0","0",311,"1"
"183",2014,7,6,279,2,7,1,69.546,58,18.38,57.18,311,4.53,68.03,2133,28.74,59.76,0.082,1.249,1.331,124.227,"1","1",279,"1"
"184",2015,9,4,287,16,11,1,69.585,75,24.61,55.53,317.7,4.5,67.05,3178.167,28.47,57.85,0.128,1.326,1.455,51.457,"1","1",287,"1"
"185",2017,1,10,281,11,8,4,69.549,77,20.37,56.44,314.4,4.52,69.61,2707.333,29,62.63,0.1,1.872,1.972,100.91,"1","1",281,"1"
"186",2016,33,51,300,46,3,1,70.637,93,21.65,66.93,294.3,4.66,68.52,3939.333,29.67,55.1,-0.056,0.534,0.479,17.108,"1","0",300,"0"
"187",2014,117,51,293,126,3,0,70.829,88,14.12,58.48,283.3,4.72,63.07,4284.333,28.78,58.8,0.282,-0.259,0.023,7.52,"1","0",293,"0"
"188",2006,5,99,154,33,8,0,69.756,69,20.67,57.62,295.1,4.58,63.72,2525.25,28.72,59.33,-0.007,1.37,1.341,93.45,"0","0",314,"0"
"189",2007,3,99,148,9,5,0,69.294,59,21.52,56.99,297.9,4.64,64.66,2162.333,28.95,60.16,-0.031,1.609,1.578,71.864,"0","0",308,"1"
"190",2008,16,99,146,133,5,1,69.898,51,14.53,56.88,291.6,4.74,61.33,1692.5,29.28,56.61,-0.509,1.12,0.611,34.658,"0","0",306,"1"
"191",2009,7,18,287,71,7,0,70.212,70,20.56,64.87,291.2,4.62,66.08,2657.417,29.3,60.05,-0.394,1.315,0.921,158.774,"1","1",287,"1"
"192",2010,13,47,293,71,7,2,69.843,72,19.08,60.16,288.4,4.63,67.86,2671.667,28.99,61.23,0.33,0.992,1.322,16.728,"1","0",293,"1"
"193",2012,24,13,287,89,5,1,70.131,80,20.67,56.71,294.6,4.7,66.52,3288.25,29.4,61.06,-0.05,0.727,0.677,19.038,"1","1",287,"1"
"194",2013,34,99,149,97,1,0,70.491,63,22.4,57.72,289.6,4.62,61.74,2459.75,28.98,58.08,-0.136,0.444,0.308,27.001,"0","0",309,"1"
"195",2014,82,22,286,128,3,0,70.736,85,15.79,53.26,291.2,4.71,61.6,3523.25,28.68,61.36,-0.171,0.654,0.483,14.813,"1","1",286,"1"
"196",2015,219,99,153,167,0,0,71.83,57,20.11,56.79,291.7,4.66,64.52,1979.917,29.79,56.59,-0.609,0.009,-0.6,7.503,"0","0",313,"1"
"197",2016,147,53,308,147,1,0,71.371,66,21.52,52.93,292.8,4.7,61.2,3166.917,28.82,54.66,0.405,-0.428,-0.024,0,"1","0",308,"1"
"198",2016,30,33,293,114,3,0,70.436,64,17.44,63.76,286.7,4.61,64.93,2779.25,29.17,60.4,-0.296,0.859,0.562,29.928,"1","0",293,"0"
"199",2017,27,20,286,8,5,0,69.802,75,21.93,69.8,291.9,4.61,67.22,2886.25,28.91,62.95,-0.017,1.436,1.418,14.601,"1","1",286,"1"
"200",2005,27,3,284,17,4,0,70.502,72,26.83,57.47,296.4,4.63,68.3,2072.167,29.81,54.38,-0.546,1.098,0.553,33.65,"1","1",284,"0"
"201",2006,110,30,301,139,2,0,70.789,52,15.76,54.36,301.5,4.66,65.33,2052.167,30.02,55.13,-0.214,0.551,0.141,0,"1","0",301,"1"
"202",2008,120,99,146,75,3,0,70.758,60,15.82,57.49,299.6,4.6,65.46,2552.583,29.48,58.18,0.043,0.718,0.762,19.427,"0","0",306,"1"
"203",2009,130,6,279,55,4,0,70.664,54,20.48,55.91,297.5,4.63,67.08,1904.75,29.39,52.5,-0.342,0.81,0.468,6.361,"1","1",279,"1"
"204",2005,55,99,157,140,3,1,70.375,102,16.67,75.9,270,4.69,66.17,3630.417,29.47,62.28,0.12,0.48,0.601,0,"0","0",317,"0"
"205",2006,79,99,155,99,3,0,70.556,106,20.07,78.01,272.8,4.74,66.35,3773.083,29.33,60.06,0.096,0.606,0.754,0,"0","0",315,"1"
"206",2011,37,19,288,53,3,1,69.854,92,19.5,60.82,287.4,4.68,63.56,3324.167,28.19,60.62,0.629,0.275,0.904,0,"1","1",288,"0"
"207",2012,54,25,290,177,1,0,70.561,61,20.86,57.98,287.4,4.73,61.85,2045.167,29.1,57.52,-0.145,0.254,0.109,0,"1","1",290,"1"
"208",2011,60,99,228,28,6,1,69.875,93,20.32,58.07,310.5,4.63,69.41,3468.417,29.69,58.2,-0.116,1.157,1.041,13.748,"0","0",388,"0"
"209",2013,48,26,292,36,2,1,70.733,94,19.55,57.6,303.8,4.67,66.98,4388.417,29.34,54.58,0.062,0.397,0.459,31.374,"1","0",292,"1"
"210",2014,46,99,147,47,5,0,70.249,93,21.67,59.49,304.1,4.67,66.55,4028.417,29.1,60.11,-0.149,1.049,0.9,25.651,"0","0",307,"1"
"211",2016,36,99,155,23,4,0,70.234,95,21.52,56.69,306.1,4.55,68.74,3761.417,29.26,60.16,-0.13,1.097,0.968,55.231,"0","0",315,"1"
"212",2017,32,99,154,30,5,0,70.482,94,18.41,58.9,306.9,4.6,69.35,3078.083,29.76,58.21,-0.359,1.051,0.692,79.12,"0","0",314,"1"
"213",2005,19,16,289,4,5,1,70.365,97,26.38,60.72,298,4.61,66.67,3795.083,28.85,58.06,0.124,0.416,0.54,118.28,"1","1",289,"0"
"214",2006,8,24,299,28,5,2,70.295,76,22.17,61.89,295.3,4.61,62.94,2917.75,28.93,58.89,0.473,0.451,0.806,89.43,"1","1",299,"1"
"215",2007,10,39,296,24,7,0,70.085,84,25.2,59.02,295.3,4.72,62.75,3001,28.82,56.6,0.072,0.749,0.821,90.441,"1","0",296,"1"
"216",2008,4,15,283,140,6,1,70.253,65,16.13,58.18,292.1,4.74,61.89,2344.917,28.86,59.91,0.125,0.684,0.81,131.032,"1","1",283,"1"
"217",2009,13,26,289,49,5,2,70.316,78,19.07,58.4,291.5,4.59,64.27,2895.417,28.51,59.83,0.493,0.568,1.06,56.924,"1","0",289,"1"
"218",2010,32,4,278,68,2,1,70.764,62,19.08,57.94,287,4.67,67.69,2199.167,29.22,56.16,0.37,0.364,0.735,21.379,"1","1",278,"1"
"219",2011,49,19,288,64,4,0,70.164,69,22.4,62.89,290,4.75,62.63,2613.167,28.47,59.68,0.517,0.205,0.722,11.498,"1","1",288,"1"
"220",2014,109,48,291,134,2,1,71.422,84,22.83,58.51,292.5,4.68,64.51,3849.167,29.43,55.77,-0.331,-0.032,-0.363,4.927,"1","0",291,"1"
"221",2011,15,12,286,48,3,0,70.997,50,20.42,66.31,289.5,4.63,66.08,2016.833,29.38,54.01,0.132,0.066,0.197,68.526,"1","1",286,"0"
"222",2012,17,99,149,43,4,0,70.229,55,25.75,70.11,285.5,4.75,66.26,1761.25,29.02,51.83,-0.282,0.654,0.372,44.928,"0","0",309,"1"
"223",2013,14,99,150,125,4,1,70.503,53,15.44,68.51,277.5,4.75,62.7,1945.75,29.04,61.09,0.136,0.407,0.543,39.987,"0","0",310,"1"
"224",2014,29,52,294,17,8,0,69.642,66,22.93,69.2,278,4.63,65.77,2253.333,28.56,60.47,0.882,0.289,1.171,9.441,"1","0",294,"1"
"225",2013,36,99,150,24,4,1,70.438,95,22.34,58.65,295.2,4.63,66.02,4173.667,28.95,56.11,0.477,0.136,0.613,55.751,"0","0",310,"0"
"226",2015,70,42,299,45,3,0,70.235,105,19.11,58.51,298.4,4.61,67.05,4563.167,28.83,61.65,0.56,0.217,0.777,36.33,"1","0",299,"1"
"227",2011,90,99,151,165,1,1,70.891,58,18.37,51.49,301.8,4.69,62.45,2308.833,29.43,54.08,-0.386,0.121,-0.266,28.429,"0","0",311,"0"
"228",2007,94,33,293,14,6,0,69.948,101,16.13,73.28,279.6,4.64,66.45,3905.583,28.82,61.48,0.22,0.659,0.879,9.235,"1","0",293,"0"
"229",2009,81,18,287,81,4,1,70.612,95,15.12,71.99,287,4.71,67.58,3858,29.42,58.38,-0.426,0.523,0.097,11.737,"1","1",287,"1"
"230",2010,66,99,148,106,5,1,70.673,97,18.94,72.42,278.9,4.72,69.59,3158.083,29.62,62.87,-0.259,0.837,0.58,9.273,"0","0",308,"1"
"231",2007,13,17,290,168,2,1,70.935,52,18.49,56.97,296.3,4.88,61.23,2020.75,29.33,53.27,0.3,-0.012,0.288,92.145,"1","1",290,"0"
"232",2012,42,18,288,48,1,0,70.239,51,18.75,64.13,289.5,4.59,65.37,2367.083,29.3,59.04,0.105,0.809,0.915,49.684,"1","1",288,"1"
"233",2013,3,14,289,5,8,2,69.248,65,22.08,70.09,290.9,4.57,71.96,1939.917,29.91,57.28,0.004,1.614,1.618,25.191,"1","1",289,"1"
"234",2014,2,19,284,29,3,0,70.166,56,23.23,68.78,293.2,4.57,69.03,1872.083,29.89,51.83,-0.17,1.162,0.992,80.583,"1","1",284,"1"
"235",2015,7,24,294,10,8,0,69.354,63,18.12,69.91,296.4,4.62,73.52,2191.667,29.87,62.24,0.436,1.774,2.21,56.397,"1","1",294,"1"
"236",2014,16,5,277,25,4,1,70.083,82,18.64,61.52,294.8,4.55,64.03,3249.583,28.88,60.42,-0.393,1.545,1.152,57.441,"1","1",277,"0"
"237",2015,14,7,288,4,9,0,69.94,95,18.98,65.25,294.5,4.6,69.2,3136.333,28.79,61.92,0.076,1.388,1.464,78.662,"1","1",288,"1"
"238",2016,4,11,287,11,8,1,70.034,76,22.87,62.04,294.5,4.59,68.11,2680.25,28.82,60.86,-0.025,1.315,1.29,97.631,"1","1",287,"1"
"239",2017,6,19,285,4,7,3,69.624,83,23.63,57.61,302.9,4.48,69.14,2684.917,28.96,61.25,-0.41,1.469,1.058,22.642,"1","1",285,"1"
"240",2016,75,99,153,10,1,0,70.875,104,25.09,61.43,306.9,4.61,68.8,4879.583,29.48,54.97,0.203,0.1,0.302,66.637,"0","0",313,"0"
"241",2007,32,99,149,8,6,1,69.99,91,16.54,68.05,296.7,4.63,66.91,4223.167,29.51,54.8,0.213,0.419,0.632,36.533,"0","0",309,"0"
"242",2008,53,10,281,33,5,0,70.171,87,17.41,66.02,289.9,4.68,69.61,3884.25,30.14,53.55,0.341,0.665,1.006,20.331,"1","1",281,"1"
"243",2009,21,8,281,4,6,0,69.691,94,22.67,65.19,297,4.62,68.36,4220.5,29.1,58.02,0.41,0.845,1.255,66.041,"1","1",281,"1"
"244",2010,18,99,146,36,3,2,70.476,85,17.39,67.94,291.8,4.66,68.65,3864.75,29.6,58.65,0.068,0.596,0.665,61.674,"0","0",306,"1"
"245",2011,4,12,286,4,9,0,69.905,92,24.79,62.85,291.6,4.58,68.79,3615.917,29.21,58,0.527,0.691,1.218,147.136,"1","1",286,"1"
"246",2012,21,99,158,54,5,2,70.346,88,19.82,67.74,293.1,4.75,68.97,3560.333,29.9,53.71,-0.109,0.65,0.541,74.713,"0","0",318,"1"
"247",2013,32,26,292,38,5,0,70.106,91,21.52,66.61,290,4.63,67.58,3401.5,29.41,58.87,0.382,0.752,1.134,44.027,"1","0",292,"1"
"248",2014,32,9,280,46,6,1,70.574,88,18.44,65.1,295.8,4.69,66.67,3815.167,29.33,54.71,0.207,0.314,0.52,9.525,"1","1",280,"1"
"249",2015,99,54,302,101,4,0,71.124,88,24.67,58.91,295.1,4.67,65.79,3869,28.98,59.6,0.39,-0.27,0.12,1.593,"1","0",302,"1"
"250",2006,29,13,296,50,4,0,70.208,53,25.38,70.19,287.9,4.65,66.03,2116.583,29.06,60.38,0.194,1.009,1.203,23.15,"1","1",296,"0"
"251",2007,25,25,292,134,5,0,70.073,63,14.97,63.23,282.5,4.68,61.67,1987.667,28.88,59.42,-0.038,0.958,0.92,15.295,"1","1",292,"1"
"252",2008,38,20,286,149,1,0,70.269,51,15.72,59.77,283.6,4.77,59.75,1807.5,28.8,56.34,0.518,-0.138,0.38,17.878,"1","1",286,"1"
"253",2009,8,10,283,109,5,0,70.101,59,18.37,65.18,282.8,4.69,61.01,1943.5,28.18,65.14,0.094,1.112,1.206,111.573,"1","1",283,"1"
"254",2010,16,27,287,175,2,1,71.211,55,17.27,62.72,286.8,4.76,62.47,1762.333,28.9,59.82,0.213,-0.542,-0.335,22.469,"1","0",287,"1"
"255",2011,24,7,283,75,1,0,70.824,52,19.73,64.76,282.8,4.71,65.58,1725.75,29.06,56.33,0.27,-0.032,0.238,25.852,"1","1",283,"1"
"256",2012,12,99,151,68,4,1,70.176,57,21.48,65.13,285,4.68,61.61,2120.167,28.39,64.34,0.103,0.461,0.564,36.015,"0","0",311,"1"
"257",2013,19,20,290,106,4,0,70.382,59,20.14,62.42,281.7,4.73,63.52,1762.333,28.83,61.49,0.177,0.337,0.514,8.346,"1","1",290,"1"
"258",2014,31,6,279,75,2,0,70.722,57,20.24,61.35,288.1,4.64,62.4,2052.417,28.64,58.05,0.067,-0.106,-0.038,29.89,"1","1",279,"1"
"259",2015,62,49,300,61,4,0,70.421,68,20.57,63.58,286.7,4.67,65.71,2340.583,28.81,60.76,0.225,0.329,0.554,16.574,"1","0",300,"1"
"260",2017,29,44,292,87,2,0,70.045,72,20.13,62.55,283.5,4.64,64.46,2438.167,28.44,67.36,0.025,0.911,0.936,71.527,"1","0",292,"1"
"261",2007,57,25,292,84,3,0,71.377,71,17.96,58.7,312.6,4.69,64.57,4027.417,29.77,51.82,-0.559,0.223,-0.336,79.109,"1","1",292,"0"
"262",2014,20,99,147,93,2,1,70.721,86,21.69,54.71,308,4.73,60.92,4230.583,28.35,58.51,-0.075,0.476,0.401,77.941,"0","0",307,"1"
"263",2015,23,4,287,31,7,1,70.581,89,26.77,54.05,309.9,4.59,63.66,3442.25,28.32,59.35,-0.004,0.949,0.944,38.953,"1","1",287,"1"
"264",2016,40,50,299,43,6,0,70.523,77,22.87,51.68,314.5,4.68,65.17,3414.833,28.84,56.68,-0.153,0.634,0.481,19.603,"1","0",299,"1"
"265",2006,70,37,302,79,5,1,70.528,96,22.99,60.03,295.9,4.63,68.16,3891.333,29.69,54.78,0.196,0.632,0.722,0,"1","0",302,"0"
"266",2014,91,99,147,142,2,0,71.186,82,19.84,60.83,289.6,4.7,63.96,3903.75,29.65,55.11,-0.306,0.07,-0.236,62.883,"0","0",307,"0"
"267",2016,80,48,298,158,3,1,71.245,85,19.62,60.71,290.9,4.74,64.58,3668.667,29.47,55.72,-0.245,0.001,-0.244,11.773,"1","0",298,"1"
"268",2015,55,21,293,119,2,0,71.102,50,18.38,60.09,294.9,4.57,63.83,1768.417,28.96,59.48,0.349,-0.008,0.341,11.359,"1","1",293,"0"
"269",2005,91,39,295,32,3,1,70.475,91,17.23,62.13,292.9,4.62,66.06,4044.083,28.96,58.99,0.027,0.643,0.67,0,"1","0",295,"0"
"270",2010,169,99,148,87,2,1,70.856,84,18.41,66.89,279.8,4.69,67.79,3553.75,29.25,57.49,0.13,0.303,0.43,5.086,"0","0",308,"1"
"271",2010,38,2,276,45,5,1,70.274,82,23.18,57.78,298.2,4.68,67.68,3478.167,29.15,60.38,-0.009,0.752,0.738,22.045,"1","1",276,"0"
"272",2011,11,99,76,9,10,0,69.706,76,19.89,54.7,302.6,4.57,64.92,2908.417,28.37,64.64,0.576,0.4,0.976,36.663,"0","0",236,"1"
"273",2012,39,3,281,47,4,0,70.152,57,21.79,52.48,308.6,4.67,61.31,2429.583,28.42,61.36,0.526,0.498,1.024,50.251,"1","1",281,"1"
"274",2013,4,20,290,14,7,0,69.732,86,15.12,58.03,299.3,4.6,64.93,2878.5,28.63,61.39,0.37,0.606,0.976,90.096,"1","1",290,"1"
"275",2014,5,28,287,62,6,1,69.626,54,15.79,58.72,301.2,4.59,64,1495.167,28.71,64.95,0.317,1.073,1.389,88.609,"1","0",287,"1"
"276",2015,1,10,289,1,11,5,69.161,75,34.44,55.94,313.7,4.55,70.83,2701.917,28.44,65.34,0.586,1.52,2.106,150.227,"1","1",289,"1"
"277",2016,3,22,290,1,10,3,69.313,76,26.99,50.46,304.2,4.51,67.23,2493.833,28.06,61.92,1.13,0.987,2.118,21.053,"1","1",290,"1"
"278",2017,11,20,286,14,5,0,70.115,71,16.67,53.73,306.3,4.59,63.98,2585.917,28.22,59.04,0.345,0.765,1.109,80.428,"1","1",286,"1"
"279",2009,72,30,291,67,6,0,70.307,90,22.69,67.28,286.2,4.67,66.93,3604.667,28.98,60.74,-0.028,0.652,0.624,14.32,"1","0",291,"0"
"280",2011,31,24,289,37,6,0,70.2,78,18.18,65.81,286.8,4.66,66.95,2828.667,29.44,58.62,-0.116,0.833,0.717,31.094,"1","1",289,"1"
"281",2012,18,20,289,3,8,2,69.456,83,22.92,66.9,292.4,4.61,69.17,2560.833,29.07,62.42,0.153,1.293,1.446,29.422,"1","1",289,"1"
"282",2013,16,99,154,47,5,1,69.912,78,20.93,64.81,285.9,4.73,67.53,2746.167,29.4,59.11,-0.231,0.812,0.581,35.988,"0","0",314,"1"
"283",2014,52,49,292,51,4,0,70.9,57,18.97,63.76,285.3,4.61,66.26,1990.75,29.67,52.74,-0.576,1.098,0.522,8.855,"1","0",292,"1"
"284",2015,61,99,153,62,2,0,70.633,76,22.83,67.81,286.7,4.66,69.03,2050,29.6,55.28,-0.7,0.922,0.222,61.536,"0","0",313,"1"
"285",2016,66,33,293,37,6,1,70.212,105,17.22,62.83,293.2,4.64,70.15,3617.417,29.59,56.39,-0.353,0.84,0.488,26.976,"1","0",293,"1"
"286",2017,49,99,150,27,2,1,70.259,89,18.41,63.3,294.5,4.7,67.15,3431.917,29.21,57.72,0.053,0.682,0.734,20.756,"0","0",310,"1"
"287",2010,57,44,291,25,6,0,70.497,89,21.61,55.44,297.3,4.72,66.86,3631.417,29.04,56.8,0.409,0.222,0.63,17.448,"1","0",291,"0"
"288",2006,147,49,305,101,4,0,70.852,101,14.84,64.81,279.8,4.72,65.24,4224.417,29.05,58.86,0.138,0.382,0.484,0,"1","0",305,"0"
"289",2006,105,5,292,43,5,0,70.853,100,19.47,70.26,278.1,4.67,67.11,3791.5,29.17,60.98,0.01,0.468,0.476,0,"1","1",292,"0"
"290",2007,56,99,149,120,7,0,70.313,101,18.67,68.28,281,4.65,64.83,3574.167,29.34,58.14,-0.227,0.848,0.621,39.293,"0","0",309,"1"
"291",2009,83,12,285,37,6,1,70.119,90,22.55,64.8,284.7,4.58,64.63,3518.417,28.57,61.3,0.327,0.453,0.78,17.769,"1","1",285,"1"
"292",2010,107,99,147,97,1,0,70.954,99,22.14,70.5,279,4.67,67.49,3559.667,29.63,57.91,-0.444,0.658,0.209,30.818,"0","0",307,"1"
"293",2016,57,99,154,49,5,1,70.903,97,24.03,56.57,304.4,4.6,69.71,4496.75,29.68,58.97,0.098,0.505,0.604,34.846,"0","0",314,"0"
"294",2017,54,38,291,145,4,1,71.054,95,20.45,57.28,300.8,4.62,65.91,3703.5,29.58,58.15,-0.381,0.555,0.174,20.252,"1","0",291,"1"
"295",2005,7,22,291,3,10,1,69.274,94,21.18,68.07,280,4.62,69.77,2979.083,28.99,63.44,0.347,1.5,1.846,64.48,"1","1",291,"0"
"296",2006,2,13,296,15,13,2,68.865,89,25.6,73.85,281.9,4.61,70.71,2622.167,28.85,64.66,0.743,1.805,2.508,56.6,"1","1",296,"1"
"297",2007,5,33,293,22,8,1,69.474,84,21.39,74.37,279.7,4.62,69.44,2380.167,29.48,60.53,-0.083,1.202,1.119,55.655,"1","0",293,"1"
"298",2008,15,10,281,41,9,0,69.694,95,18.75,69.37,280.4,4.63,66.78,3408.667,29.43,60.32,0.405,0.881,1.287,43.729,"1","1",281,"1"
"299",2009,5,99,156,25,11,0,69.477,86,18.97,69.66,279.9,4.68,65.53,2683.667,28.24,64.08,0.715,0.975,1.69,77.184,"0","0",316,"1"
"300",2010,11,24,286,74,7,3,69.828,76,22.54,71.01,276,4.7,67.12,2393,28.74,63.47,0.402,1.159,1.564,26.57,"1","1",286,"1"
"301",2011,50,11,285,56,4,0,70.37,87,17.43,68,281.4,4.65,67.57,2877.167,29.45,58.37,-0.16,0.816,0.655,42.603,"1","1",285,"1"
"302",2012,26,25,290,33,8,0,69.304,85,22.35,70.71,280,4.65,68.19,2628.75,29.05,63.83,0.423,1.329,1.752,22.233,"1","1",290,"1"
"303",2013,23,14,289,32,7,0,69.828,80,18.32,70.47,275.3,4.7,68.3,2327.917,29.31,59.55,0.092,1.297,1.389,28.564,"1","1",289,"1"
"304",2014,9,99,147,52,11,0,69.2,84,22.78,73.18,279.3,4.63,68.75,2304.583,28.96,69.33,0.091,1.705,1.796,21.811,"0","0",307,"1"
"305",2016,59,99,151,110,3,0,70.13,52,15.04,69.09,280.8,4.7,68.27,1882.167,29.71,57.24,0.067,0.463,0.53,7.821,"0","0",311,"1"
"306",2015,191,99,153,67,2,0,70.719,88,21.7,67.1,293.8,4.65,73.23,3425.083,30.22,58.02,-0.03,0.407,0.376,5.446,"0","0",313,"0"
"307",2013,26,8,288,22,5,0,70.332,84,18.26,52.18,298.5,4.63,66.07,3686.083,28.87,60.62,0.276,0.654,0.93,102.989,"1","1",288,"0"
"308",2014,10,38,289,24,10,3,69.789,98,23.14,51.67,301,4.62,67.59,3826.083,28.73,58.39,0.479,0.774,1.253,141.152,"1","0",289,"1"
"309",2015,24,29,295,35,6,2,70.268,89,23.32,52.23,301.6,4.56,66.09,3390.5,28.7,57.71,0.692,0.241,0.933,49.212,"1","0",295,"1"
"310",2016,24,18,289,48,5,1,70.393,85,21.54,48.31,301.3,4.55,63.96,3663.667,28.78,57.71,0.243,0.649,0.892,23.908,"1","1",289,"1"
"311",2017,97,20,286,114,1,0,71.155,68,17.14,55.97,295.7,4.7,63.75,2382.167,28.86,57.92,0.157,0.197,0.355,11.306,"1","1",286,"1"
"312",2006,37,99,155,42,7,1,70.773,101,16.91,78.43,289.1,4.62,69.75,5260.25,29.81,56,-0.401,0.991,0.476,8.96,"0","0",315,"0"
"313",2005,95,99,151,34,5,0,70.852,103,22.73,62.44,284.9,4.64,61.9,4552.667,28.47,58.47,0.174,-0.082,0.092,0,"0","0",311,"0"
"314",2005,48,99,153,117,2,0,71.516,78,19.47,49.35,310.1,4.69,62.79,3349.25,29.29,52.06,-0.324,-0.027,-0.351,6.54,"0","0",313,"0"
"315",2012,95,11,286,26,4,1,70.384,99,22.26,68.69,288.3,4.65,66.44,4475.25,29.15,55.52,0.167,0.397,0.564,11.172,"1","1",286,"0"
"316",2013,144,99,151,70,2,0,70.758,88,17.39,68.53,282,4.73,66.6,3661.833,29.64,59.36,-0.227,0.525,0.298,2.128,"0","0",311,"1"
"317",2008,124,6,280,52,4,0,70.546,98,17.38,65.23,299,4.63,67.72,3841.583,29.96,54.49,-0.418,0.399,-0.019,25.904,"1","1",280,"0"
"318",2009,184,99,149,99,4,0,70.936,91,18.25,61.47,296.9,4.73,64.93,3747.833,29.16,54.58,-0.016,-0.248,-0.264,6.031,"0","0",309,"1"
"319",2012,80,99,151,71,2,0,70.701,83,26.22,64.46,293.3,4.64,69.13,3758.333,30.01,54.9,-0.193,0.385,0.191,64.668,"0","0",311,"1"
"320",2006,46,20,298,34,4,1,71.113,93,20.28,64.22,295.5,4.55,66.12,4137.833,29.15,52.97,0.102,0.248,0.25,89.95,"1","1",298,"0"
"321",2007,84,99,150,40,4,0,70.419,102,15.31,64.81,290.4,4.67,63.64,4679,28.97,59,0.104,0.413,0.517,14.777,"0","0",310,"1"
"322",2009,93,99,151,77,4,1,71.243,92,19.26,65.85,296.5,4.68,64.2,4830.833,29.03,58.2,-0.001,0.012,0.011,18.49,"0","0",311,"1"
"323",2007,49,99,151,59,5,0,70.566,97,20.07,65.91,294.2,4.61,70.33,3881.833,30.24,56.56,-0.25,0.778,0.528,34.244,"0","0",311,"0"
"324",2009,74,99,148,11,7,0,70.057,100,14.62,64.83,294.2,4.54,70.89,4067.917,29.83,56.87,0.038,1.021,1.06,17.626,"0","0",308,"1"
"325",2011,29,99,150,37,3,0,70.199,94,18.11,66.82,293.3,4.65,70.86,4154.667,29.84,54.77,0.302,0.665,0.967,41.846,"0","0",310,"1"
"326",2012,48,35,291,13,5,0,70.05,81,22.89,65.93,291,4.62,68.59,3495.333,29.44,57.37,0.039,0.96,1,13.919,"1","0",291,"1"
"327",2013,58,8,288,152,0,0,70.97,79,21.1,60.57,289.3,4.65,65.95,3213.417,29.96,53.97,-0.138,0.216,0.078,58.33,"1","1",288,"1"
"328",2014,64,38,289,23,5,1,70.27,99,20.82,64.25,288.9,4.58,67.85,3980,29.17,60.21,0.476,0.328,0.805,6.829,"1","0",289,"1"
"329",2007,107,36,295,126,2,0,71.144,97,20.07,64.18,285.5,4.64,67.75,4855,29.79,53.11,-0.229,0.424,0.195,0,"1","0",295,"0"
"330",2011,61,99,153,133,1,1,70.654,81,18.14,67.35,282.2,4.71,67.17,3588.667,29.56,57.8,0.427,-0.37,0.057,90.224,"0","0",313,"1"
"331",2017,3,4,277,1,11,1,69.561,90,23.5,58.61,305.8,4.56,68.79,3041.583,28.81,63.74,0.283,1.588,1.871,90.799,"1","1",277,"0"
"332",2013,54,2,283,159,2,1,71.11,76,20.47,56.54,283.7,4.71,60.89,3354.833,28.39,61.5,0.312,-0.715,-0.403,14.472,"1","1",283,"0"
"333",2014,79,28,287,137,1,0,71.581,64,16.57,56.16,286.1,4.74,61.11,2381.333,28.77,58.76,0.303,-0.512,-0.209,2.37,"1","0",287,"1"
"334",2007,59,99,149,17,4,1,70.488,73,23.94,59.84,292,4.56,63.55,3299.333,28.47,58.46,0.296,0.213,0.51,20.949,"0","0",309,"0"
"335",2010,59,99,151,46,4,1,70.437,85,24.14,61.54,290.9,4.61,70,3044.167,29.54,61.66,0.029,0.491,0.524,67.58,"0","0",311,"1"
"336",2011,56,27,290,66,5,1,70.783,83,22.65,60.33,291.6,4.6,65.65,3151.833,28.9,57.2,0.116,0.354,0.469,27.495,"1","0",290,"1"
"337",2013,13,2,283,3,9,1,69.668,82,20.09,67.8,289.4,4.62,66.94,3169.333,28.68,61.07,0.182,1.291,1.473,74.249,"1","1",283,"0"
"338",2014,4,1,270,44,8,0,69.946,102,21.72,58.79,289.7,4.63,62.47,4148.083,27.86,62.39,0.399,0.581,0.98,117.463,"1","1",270,"1"
"339",2015,2,2,286,3,15,5,68.938,91,27.46,62.91,291.8,4.59,67.87,2900,27.82,65.03,0.571,1.583,2.154,99.404,"1","1",286,"1"
"340",2016,6,11,287,15,8,2,69.52,80,22.87,58.14,295.4,4.54,63.52,2727.667,27.82,63.93,0.758,0.811,1.569,110.247,"1","1",287,"1"
"341",2017,4,3,275,3,12,3,68.846,85,25.73,59.48,295,4.59,69.97,2767.333,28.34,61.75,0.339,1.649,1.988,51.017,"1","1",275,"1"
"342",2005,46,39,295,44,4,2,70.168,78,19.02,64.39,285.2,4.68,65.33,2622.75,28.87,59.19,-0.016,0.564,0.547,20.61,"1","0",295,"0"
"343",2007,34,20,291,93,5,1,70.527,95,18.22,70.05,282.7,4.76,64.8,3255.167,29.13,59.97,0.124,0.393,0.517,72.863,"1","1",291,"1"
"344",2008,26,99,148,10,8,1,69.772,101,16.8,67.72,281.4,4.64,66.61,2809.667,28.85,60.07,0.463,0.675,1.138,35.91,"0","0",308,"1"
"345",2009,66,99,150,12,6,0,70.094,95,26.87,68.81,283.5,4.61,67.03,3089.75,28.67,59.81,0.087,0.865,0.951,8.937,"0","0",310,"1"
"346",2006,34,5,292,20,5,0,70.401,98,21.31,64,291.4,4.63,67.89,3682.5,29,58.29,-0.021,0.746,0.697,33.86,"1","1",292,"0"
"347",2007,9,36,295,2,7,0,69.301,63,21.95,63.93,288.7,4.6,65.73,1857.5,28.93,59.89,0.061,0.816,0.878,16.748,"1","0",295,"1"
"348",2010,26,11,283,32,4,2,69.885,78,22.28,65.17,287.8,4.63,66.31,2883.333,28.64,63.85,0.243,0.952,1.195,55.219,"1","1",283,"1"
"349",2011,9,8,284,13,5,1,70.332,79,22.55,63.27,290.6,4.62,69.48,2927,29.64,57.92,0.047,0.937,0.984,106.17,"1","1",284,"1"
"350",2012,3,25,290,6,8,1,69.549,69,15.95,65.82,290.9,4.66,70.34,2189.167,29.41,61.98,-0.122,1.762,1.64,97.455,"1","1",290,"1"
"351",2013,6,14,289,6,7,1,69.225,62,22.82,63.57,296.6,4.6,68.89,1926.5,29.3,60.71,-0.188,1.912,1.723,15.378,"1","1",289,"1"
"352",2014,11,2,274,6,8,1,69.624,70,25.14,59.92,295.1,4.59,66.91,2211.333,28.85,61.23,-0.04,1.506,1.466,10.166,"1","1",274,"1"
"353",2015,8,10,289,5,8,1,69.744,69,22.78,63.87,303.5,4.54,70.54,2179.917,29.17,59.14,0.023,1.471,1.493,32.076,"1","1",289,"1"
"354",2016,14,2,279,8,5,0,70.148,65,19.05,57.9,303.9,4.59,67.92,2674.417,29.58,58.1,-0.197,1.325,1.128,71.475,"1","1",279,"1"
"355",2017,5,12,282,11,8,0,69.699,66,27.91,58.48,300.4,4.58,68.19,2512.5,29.15,59.44,-0.062,1.331,1.268,47.831,"1","1",282,"1"
"356",2015,33,39,298,7,7,0,70.105,106,21.79,58.24,303.2,4.49,68.92,4137.833,28.64,61.55,0.042,0.926,0.968,31.305,"1","0",298,"0"
"357",2016,7,22,290,39,7,1,70.571,99,21.25,53.94,301.3,4.59,65.63,3908.25,29.28,55.56,-0.185,0.506,0.32,121.058,"1","1",290,"1"
"358",2017,2,17,284,5,12,5,69.359,86,24,54.09,309.3,4.6,67.33,3002,28.29,60.54,0.308,1.417,1.724,137.745,"1","1",284,"1"
"359",2005,65,99,152,65,3,1,70.439,78,21.33,64.98,288.8,4.66,64.16,2791.083,28.99,58.17,0.183,0.416,0.599,0,"0","0",312,"0"
"360",2006,48,27,300,48,4,1,70.213,93,17.01,65.03,287,4.7,68.12,4070.417,29.51,58.9,0.255,0.624,0.849,0,"1","0",300,"1"
"361",2007,7,41,298,31,7,2,69.611,87,17.14,64.71,284.1,4.63,65.29,3170.167,28.84,62.34,0.518,0.874,1.392,91.107,"1","0",298,"1"
"362",2008,21,99,148,94,5,1,70.259,74,16.58,61.38,286.1,4.74,65.48,2408.75,29.27,57.24,0.491,0.394,0.885,30.564,"0","0",308,"1"
"363",2009,45,4,277,150,1,0,71.205,65,16,67.67,280.1,4.71,66.06,2297.417,29.63,56.01,-0.051,0.214,0.163,66.284,"1","1",277,"1"
"364",2010,44,8,280,20,4,0,70.099,82,19.5,65.99,283.1,4.65,68.52,2463.083,29.23,62.67,0.054,0.927,0.984,31.889,"1","1",280,"1"
"365",2011,23,99,153,70,8,1,69.993,77,24.14,61.99,285.6,4.67,65.93,2781.083,29.17,60.87,0.163,0.915,1.079,22.658,"0","0",313,"1"
"366",2012,83,46,293,133,2,0,70.886,71,17.62,64.08,282.3,4.67,63.57,2877.583,29.3,54.68,-0.344,0.599,0.255,15.511,"1","0",293,"1"
"367",2013,99,34,294,76,2,0,70.322,85,17.89,66.04,278.3,4.68,65.87,2789,29.12,62.98,0.337,0.508,0.845,29.022,"1","0",294,"1"
"368",2011,19,27,290,34,4,2,70.257,91,19.32,61.5,300.7,4.63,65.9,4457.583,29.26,56.18,0.007,0.272,0.279,77.958,"1","0",290,"0"
"369",2012,11,54,297,1,5,1,69.984,90,26.09,61.65,302.7,4.56,66.54,3765.25,28.88,57.55,0.33,0.791,1.122,72.5,"1","0",297,"1"
"370",2013,18,99,153,4,7,0,69.724,88,22.27,62.82,300.6,4.51,66.54,3543.25,28.94,60.88,0.25,1.153,1.403,53.311,"0","0",313,"1"
"371",2014,37,22,286,18,6,0,70.031,89,18.6,62.36,302.2,4.69,66.67,3287.833,28.88,62.31,0.254,0.74,0.994,23.404,"1","1",286,"1"
"372",2015,98,52,301,38,3,0,70.45,87,23.21,64.85,306.1,4.58,67.53,3396.667,29.49,58.25,-0.07,1.088,1.018,4.717,"1","0",301,"1"
"373",2008,110,35,288,44,5,0,70.38,116,18.35,62.27,284.9,4.69,64.8,5285.167,28.79,57.82,0.467,0.13,0.597,4.175,"1","0",288,"0"
"374",2013,129,99,151,134,2,1,71.025,87,19.4,69.28,275.1,4.76,63.09,3512.667,28.92,56.92,-0.026,-0.04,-0.065,7.305,"0","0",311,"1"
"375",2008,9,2,276,14,7,3,69.826,97,20.37,61.97,296,4.63,67.47,4712.333,29.25,57.57,0.082,0.995,1.076,96.978,"1","1",276,"0"
"376",2009,18,26,289,18,8,2,69.789,92,20.26,67.01,293.1,4.65,67.34,3576.417,29.12,63.18,0.268,0.938,1.206,14.82,"1","0",289,"1"
"377",2011,176,44,294,96,3,0,71.221,78,20,59,295.8,4.7,64.89,3378.417,29.03,58.46,-0.501,0.187,-0.314,7.734,"1","0",294,"0"
"378",2016,43,7,285,35,8,0,70.501,93,21.2,60.68,296.3,4.66,66.37,3876,29.04,59.15,-0.31,1.08,0.77,7.851,"1","1",285,"1"
"379",2017,39,99,153,72,5,1,70.779,95,21.74,57.61,304.7,4.61,65.05,3528.417,29.35,56.56,-0.361,0.82,0.459,38.335,"0","0",313,"1"
"380",2015,22,37,297,83,6,0,70.344,104,21.48,66.85,287.8,4.61,66.24,4496.833,28.72,62.66,0.24,0.389,0.628,24.457,"1","0",297,"0"
"381",2016,37,43,296,31,6,1,70.489,97,20.75,64.92,289,4.67,65.19,3897.417,28.64,56.88,0.667,-0.119,0.548,68.789,"1","0",296,"1"
"382",2017,25,28,288,62,8,1,70.294,105,22.35,67,288.7,4.64,66.43,3595.917,28.79,62.5,0.454,0.694,1.148,54.526,"1","0",288,"1"
"383",2009,50,99,150,28,9,0,70.128,91,20.44,63.41,282.7,4.59,64.24,3885.75,28.43,64.82,0.477,0.462,0.938,46.482,"0","0",310,"0"
"384",2010,62,99,147,56,4,0,70.314,94,20.91,66.46,278.6,4.66,65.89,3296.417,28.57,64.45,0.493,0.362,0.854,41.403,"0","0",307,"1"
"385",2011,64,12,286,72,6,1,70.432,84,17.6,57.66,279.8,4.58,61.04,3451.5,27.75,63.5,0.65,0.121,0.77,39.549,"1","1",286,"1"
"386",2012,94,59,301,82,6,0,70.634,80,20.37,65.91,281.5,4.72,62.03,3429.25,28.39,61.3,0.193,0.252,0.445,4.151,"1","0",301,"1"
"387",2014,22,12,282,19,6,0,69.996,94,19.74,64.32,280.3,4.57,64.72,3489.5,28.46,65.16,0.315,0.638,0.954,34.268,"1","1",282,"1"
"388",2015,27,55,303,42,7,0,70.121,98,25.42,62.51,280.1,4.65,64.56,3191.417,28.35,62.87,0.233,0.711,0.944,29.181,"1","0",303,"1"
"389",2016,51,99,151,40,8,0,70.298,96,15.61,65.3,279.6,4.68,66.73,3160.75,28.84,58.53,0.074,0.553,0.627,31.341,"0","0",311,"1"
"390",2013,59,8,288,7,3,0,70.632,83,20.09,64.21,289.8,4.59,68.92,3100.583,29.51,54.75,-0.284,0.751,0.467,60.208,"1","1",288,"0"
"391",2014,86,99,151,40,3,1,70.62,90,20.47,64.28,291.6,4.64,68.91,3130.25,29.76,53.41,-0.467,0.878,0.411,0,"0","0",311,"1"
"392",2010,138,99,149,30,5,0,70.727,90,19.59,65.64,290.3,4.67,66.67,4386.417,29.07,56.59,0.044,0.086,0.13,9.363,"0","0",309,"0"
"393",2012,78,99,153,110,3,0,70.821,89,17.81,61.63,292.8,4.68,66.22,3933.917,29.34,58.22,-0.054,0.322,0.268,68.577,"0","0",313,"1"
"394",2013,45,42,296,54,5,1,70.267,86,18.03,67.25,287.5,4.64,66.41,3065.75,29.33,59.42,0.246,0.611,0.858,25.489,"1","0",296,"1"
"395",2014,74,12,282,86,2,1,71.354,79,21.32,68.04,288.6,4.7,63.25,3387,29,54.07,0.006,0.068,0.074,8.02,"1","1",282,"1"
"396",2015,117,34,296,98,2,0,71.282,95,21.72,68.63,289.5,4.7,68.99,3745.417,29.65,58.66,-0.219,0.352,0.133,30.59,"1","0",296,"1"
"397",2008,60,46,294,13,6,0,70.067,98,21.14,61.93,291,4.57,68.2,3943.75,29.42,60.43,0.343,0.75,1.092,13.986,"1","0",294,"0"
"398",2011,47,99,151,11,4,0,70.317,98,23.67,59.52,304.6,4.54,68.21,4027.75,29.46,54.17,-0.506,1.171,0.665,90.226,"0","0",311,"0"
"399",2017,44,52,297,10,5,1,69.989,104,22.47,68.55,296.5,4.59,70.39,4644.5,29.63,58.35,-0.309,1.259,0.951,32.797,"1","0",297,"1"
"400",2005,176,42,296,176,0,0,71.431,54,19.63,70.16,275.7,4.77,62.22,2695.333,29.06,58.82,0.328,-0.586,-0.257,0,"1","0",296,"0"
"401",2006,185,99,161,185,1,0,71.784,53,16.79,74.33,278.3,4.77,64.16,1984.083,29.18,60.49,0.363,-0.903,-0.536,0,"0","0",321,"1"
"402",2005,39,99,150,147,0,0,70.657,50,15.76,61.48,296.8,4.7,63.89,1998.333,29.75,53.53,-0.387,0.396,0.009,36.36,"0","0",310,"0"
"403",2012,13,8,285,5,7,0,70.084,60,21.39,62.17,298.1,4.65,69.75,2163.5,30.06,48.3,-0.359,1.143,0.784,31.263,"1","1",285,"1"
"404",2013,38,7,287,84,6,0,70.158,70,15.96,62.59,290.3,4.73,65.22,2516.167,29.42,61.57,-0.484,1.088,0.604,11.312,"1","1",287,"1"
"405",2014,30,46,290,56,2,0,70.738,57,20.69,61.22,292.3,4.67,63.69,2403.417,28.95,56.28,0.151,0.495,0.646,28.601,"1","0",290,"1"
"406",2015,66,2,286,17,1,0,70.484,56,21.08,59.7,300,4.77,66.45,1813.75,29.29,52.23,0.595,0.283,0.879,2.357,"1","1",286,"1"
"407",2012,6,99,150,8,5,0,69.707,65,24.86,62.41,299.5,4.61,68.78,2596.167,29.46,55.37,-0.004,0.98,0.976,53.785,"0","0",310,"0"
"408",2014,34,19,284,119,1,0,70.852,50,18.59,60.9,300.5,4.81,66.43,1639,29.98,51.8,-0.429,0.212,-0.217,23.9,"1","1",284,"1"
"409",2015,11,15,291,12,6,0,70.16,68,25.77,59.84,298.8,4.61,68.28,2163.167,29.19,61.3,-0.22,0.825,0.605,93.47,"1","1",291,"1"
"410",2016,28,41,295,28,3,0,70.327,63,19.88,61.67,294,4.67,68.15,1953.5,29.7,54.21,-0.021,0.857,0.836,41.935,"1","0",295,"1"
"411",2017,31,12,282,65,4,0,70.22,69,17.61,59.98,295.2,4.64,65.13,2416.083,28.91,62.91,0.439,0.74,1.179,17.822,"1","1",282,"1"
"412",2005,51,99,151,39,7,1,70.833,88,21.85,60.72,302.2,4.63,67.51,4509.75,29.28,56.26,-0.101,0.623,0.522,0,"0","0",311,"0"
"413",2006,51,20,298,8,9,0,70.263,105,20.42,63.69,299.4,4.56,67.33,4380.5,29.15,56.23,0.138,1.125,1.198,0,"1","1",298,"1"
"414",2009,24,36,292,20,6,1,69.97,93,20.99,65.49,297.4,4.63,65.65,4207.917,28.86,58.09,0.149,0.619,0.768,16.059,"1","0",292,"1"
"415",2010,88,99,146,35,3,0,70.949,75,22.52,62.84,295.7,4.63,67.42,2995.833,29.65,54.15,-0.115,0.416,0.297,6.543,"0","0",306,"1"
"416",2011,87,99,154,27,1,1,70.445,74,22.57,61.05,294.6,4.54,65.92,2984.833,29.26,53.74,0.236,0.206,0.442,0,"0","0",314,"1"
"417",2013,130,42,296,130,2,0,71.577,65,18.92,61.62,293.7,4.71,66.41,2515.083,30.51,51.91,-0.851,0.765,-0.086,0,"1","0",296,"1"
"418",2005,9,42,296,21,5,0,69.329,67,16.44,64.34,284.5,4.64,68.43,1544.667,29.32,60.12,0.362,1.434,1.796,75.8,"1","0",296,"0"
"419",2006,11,10,295,12,10,1,69.166,66,21.92,66.86,283.7,4.64,66.05,1792.417,28.54,65.45,0.532,1.514,1.929,57.49,"1","1",295,"1"
"420",2007,16,99,148,85,5,0,70.118,69,17.79,68.15,278.4,4.73,63.18,2215.333,29.03,57.43,0.438,0.489,0.927,68.545,"0","0",308,"1"
"421",2009,20,99,149,85,6,0,70.012,79,22.96,62.5,275.7,4.61,63.01,2876.417,28.11,62.85,0.934,0.135,1.069,61.935,"0","0",309,"1"
"422",2010,3,4,278,96,7,0,69.85,71,17.53,62.36,277,4.71,65.28,2182.917,28.46,65.41,0.87,0.619,1.493,96.81,"1","1",278,"1"
"423",2011,1,32,291,7,14,2,68.861,73,25.9,64.29,284.1,4.55,67.33,2207.167,28.03,63.71,0.87,1.408,2.278,76.238,"1","0",291,"1"
"424",2012,4,25,290,19,8,1,69.687,63,24.68,65.16,280.1,4.59,64.96,2170.167,28.63,62.66,0.818,0.824,1.641,24.19,"1","1",290,"1"
"425",2013,27,99,149,63,5,0,69.793,60,22.58,62.87,278.1,4.68,62.16,1937.333,28.21,61.52,0.528,0.752,1.279,28.219,"0","0",309,"1"
"426",2014,50,99,147,121,3,0,70.735,57,27.39,62.56,278.1,4.66,63,1871.833,28.59,60.59,0.517,0.173,0.69,11.274,"0","0",307,"1"
"427",2009,80,99,151,45,3,0,70.587,91,20.82,59.44,298.6,4.71,67.18,4561.167,29.38,57.39,0.141,0.212,0.353,31.411,"0","0",311,"0"
"428",2012,104,4,283,167,2,1,70.831,84,12.78,55.2,289.4,4.68,62.76,3944.667,29.26,58.26,-0.331,0.543,0.212,9.523,"1","1",283,"1"
"429",2013,68,99,149,129,4,0,70.532,77,15.22,58.77,286.6,4.72,65.08,3291.583,29.25,57.64,0.08,0.237,0.318,32.507,"0","0",309,"1"
"430",2015,31,99,151,107,4,0,70.569,74,24.88,54.99,294.8,4.66,65.62,2935.25,28.99,56.67,-0.02,0.322,0.302,24.769,"0","0",311,"1"
"431",2016,27,43,296,51,2,0,70.554,89,14.93,60.55,295,4.67,65.31,3423,28.85,60.34,0.252,0.258,0.51,81.81,"1","0",296,"1"
"432",2017,16,9,280,8,7,2,69.468,94,19.55,57.64,298.1,4.59,67.38,3674.333,28.77,60.99,0.353,1.071,1.424,33.486,"1","1",280,"1"
"433",2005,68,99,156,14,5,1,70.49,92,18.63,66.51,289.3,4.64,65.86,4335.333,29.16,57.32,-0.012,0.73,0.718,0,"0","0",316,"0"
"434",2006,58,20,298,177,1,0,71.63,94,16.83,65.3,282.4,4.72,62.07,4594.667,29.37,56.22,-0.276,0.139,-0.168,0,"1","1",298,"1"
"435",2007,41,99,153,34,6,1,70.579,93,21.18,65.09,290.2,4.57,64.11,3904.667,29,56.35,-0.213,0.717,0.504,31.417,"0","0",313,"1"
"436",2005,54,22,291,72,3,0,71.119,70,19.75,62.66,290.4,4.65,62.91,3074.083,29.34,50.88,-0.228,-0.446,-0.675,0,"1","1",291,"0"
"437",2005,187,99,154,187,0,0,72.09,66,16.49,60.93,277.1,4.88,59.76,3051.833,28.59,60.67,0.47,-1.084,-0.614,0,"0","0",314,"0"
"438",2006,193,99,153,193,0,0,72.244,52,16.46,57.35,274.4,4.8,59.44,2064.333,28.7,58.9,0.413,-1.105,-0.893,0,"0","0",313,"1"
"439",2010,47,99,147,102,2,0,71.098,87,18.09,68.85,280.6,4.71,70.28,3428.5,29.71,62.16,0.139,-0.134,0.009,112.281,"0","0",307,"0"
"440",2011,26,99,154,69,4,2,70.526,89,16.82,67.63,284.8,4.66,66.03,3140.25,29.09,62.97,0.233,0.245,0.477,84.791,"0","0",314,"1"
"441",2013,60,31,293,120,3,0,70.559,61,19.59,61.36,288.4,4.66,64.85,2094,30,52.59,0.137,-0.003,0.135,5.204,"1","0",293,"0"
"442",2014,13,99,151,28,4,2,70.468,65,21,61.27,294.9,4.74,64.58,2742.083,29,53.43,-0.111,0.355,0.244,35.594,"0","0",311,"1"
"443",2010,21,20,285,72,4,0,71.158,91,20.88,60.27,296.5,4.63,67.83,3864.167,29.68,57.31,-0.304,0.448,0.145,100.721,"1","1",285,"0"
"444",2011,35,57,299,18,6,1,70.341,77,23.53,58.51,303,4.64,66.59,3355.25,28.91,59.08,0.161,0.835,0.996,47.679,"1","0",299,"1"
"445",2012,117,99,149,91,3,0,70.989,77,23.45,59.16,298.2,4.67,65.3,3415.917,29.52,55.92,0.099,0.449,0.549,3.744,"0","0",309,"1"
"446",2008,49,99,151,7,5,0,70.391,91,20,64.91,295.9,4.6,67.58,4251.583,29.53,58,0.122,0.704,0.826,29.168,"0","0",311,"0"
"447",2013,11,99,155,44,4,0,71.023,89,21.8,58.94,288.1,4.71,65.54,4053.333,29.01,56.52,-0.092,0.385,0.293,0,"0","0",315,"0"
"448",2014,40,99,147,104,6,1,70.722,85,18.18,56.72,286.3,4.64,63.33,3493.833,28.82,58.82,0.733,-0.236,0.497,65.497,"0","0",307,"1"
"449",2013,13,99,152,13,5,0,70.245,83,16.59,64.74,292.3,4.63,66,3343.667,28.89,63.98,0.145,0.74,0.885,0,"0","0",312,"0"
"450",2009,34,24,288,35,5,1,70.112,82,21.11,65.99,283.2,4.64,64.23,3320.833,28.34,65.91,0.698,0.461,1.158,63.933,"1","1",288,"0"
"451",2010,9,27,287,1,11,1,69.606,97,21.67,67.89,286.9,4.56,69.36,3279.333,28.74,64.69,0.648,0.827,1.461,79.652,"1","0",287,"1"
"452",2011,18,3,280,6,9,0,69.515,94,19.51,64.75,286.2,4.58,66.98,3201.083,28.52,62.91,0.379,1.161,1.54,40.862,"1","1",280,"1"
"453",2012,9,8,285,24,9,1,69.477,86,20.1,65.06,286.2,4.67,65.38,3181.25,28.51,62.43,0.472,0.91,1.382,101.743,"1","1",285,"1"
"454",2013,11,5,286,20,8,2,69.561,93,17.09,58.93,284.9,4.54,65.84,2967.167,28.64,63.55,0.398,0.999,1.398,41.282,"1","1",286,"1"
"455",2014,14,46,290,9,11,1,69.416,91,16.59,67.37,283.8,4.65,66.92,3156,28.74,62.4,0.457,1.117,1.573,46.63,"1","0",290,"1"
"456",2015,28,24,294,9,7,0,70.04,97,24.2,63.23,288.5,4.54,66.55,3683.583,28.39,63.78,0.316,0.817,1.133,30.336,"1","1",294,"1"
"457",2016,21,4,283,16,10,0,69.844,100,20.83,65.67,285.8,4.6,67.82,3553.333,29.02,61.51,0.381,0.932,1.314,22.134,"1","1",283,"1"
"458",2017,20,28,288,35,9,0,69.806,95,24.54,65.36,285.1,4.64,66.6,3424.5,28.7,65.78,0.264,0.842,1.106,34.547,"1","0",288,"1"
"459",2012,45,25,290,98,3,0,70.718,80,18.6,59.43,283.4,4.63,63.26,3403.167,29,55.39,0.355,-0.25,0.106,66.73,"1","1",290,"0"
"460",2005,43,11,287,171,2,0,71.169,71,19.42,63.69,281.3,4.69,61.95,2361.5,28.92,58.41,-0.171,0.109,-0.062,47.74,"1","1",287,"0"
"461",2006,48,20,298,21,6,0,70.255,88,21.79,64.1,281.2,4.67,66.47,3153.417,29.06,58.67,-0.035,0.799,0.741,19.34,"1","1",298,"1"
"462",2007,37,17,290,42,4,1,70.151,82,20.83,63.82,289.3,4.68,63.03,3002,28.94,58.44,-0.294,1.005,0.711,25.836,"1","1",290,"1"
"463",2008,19,46,294,27,8,0,70.144,88,19.05,62.46,284.8,4.65,64.62,2788,28.63,62.27,0.169,0.758,0.926,45.698,"1","0",294,"1"
"464",2009,46,43,296,65,6,0,70.228,85,17.75,63.26,279.3,4.62,63.03,2923.583,28.43,63.15,0.469,0.311,0.78,18.176,"1","0",296,"1"
"465",2010,260,99,155,156,1,0,71.571,59,13.74,53.83,273.9,4.75,57.89,1706.917,28.16,58.8,-0.018,-0.221,-0.241,0,"0","0",315,"1"
"466",2013,4,44,297,167,0,0,71.643,60,18.23,55.07,270.5,4.7,56.9,2271.583,28.07,59.11,0.288,-1.059,-0.771,0,"1","0",297,"1"
"467",2014,173,99,163,173,1,0,71.789,69,18.6,52.76,271.2,4.79,57.44,2747.833,28.4,59.84,0.256,-0.882,-0.626,0,"0","0",323,"1"
"468",2014,102,28,287,58,2,0,70.899,103,23.05,54.09,295.4,4.68,62.74,4650.917,28.53,57.53,0.506,-0.472,0.034,26.373,"1","0",287,"0"
"469",2009,165,48,302,161,1,1,71.185,104,17.29,60.66,283.5,4.67,62.89,4682.917,28.81,61.53,0.375,-0.472,-0.097,19.753,"1","0",302,"0"
"470",2007,39,99,149,190,3,0,70.63,72,13.94,62.68,279.3,4.71,60.21,2670.083,29.13,56.26,-0.057,0.227,0.17,23.831,"0","0",309,"0"
"471",2007,123,11,288,70,3,1,70.789,87,18.11,61.02,301.4,4.65,66.48,3661.833,29.64,57.71,-0.198,0.454,0.256,18.086,"1","1",288,"0"
"472",2008,35,19,285,36,1,0,70.789,96,18.84,61.21,302.9,4.6,68.23,4318.417,29.74,57.19,-0.066,0.518,0.452,118.736,"1","1",285,"1"
"473",2009,32,7,280,24,4,1,70.071,86,26.97,57.81,305.3,4.52,66.09,3599.25,29.16,58.67,0.237,0.876,1.113,43.726,"1","1",280,"1"
"474",2010,14,46,292,8,8,0,70.291,91,20.94,62.63,296.5,4.65,69.63,3216.5,29.32,55.51,0.09,0.806,0.915,114.876,"1","0",292,"1"
"475",2011,20,32,291,5,10,2,69.518,80,20.97,58.15,301.9,4.57,66.88,3219.25,28.44,62.96,0.546,1.165,1.712,24.039,"1","0",291,"1"
"476",2012,23,13,287,37,5,1,70.577,97,19.3,58.86,296.8,4.62,66.43,3786.417,29.29,55.11,-0.028,0.563,0.536,31.553,"1","1",287,"1"
"477",2013,44,44,297,60,4,0,70.78,88,18,62.4,291.2,4.65,68.48,3532.083,29.99,56.35,0.006,0.506,0.512,7.159,"1","0",297,"1"
"478",2005,80,45,297,45,2,1,70.691,99,19.83,73.46,278.9,4.73,69.12,3858.917,29.23,59.09,0.354,0.143,0.497,0,"1","0",297,"0"
"479",2005,29,27,292,132,4,2,70.843,50,22.09,54.61,293.9,4.66,62.73,1972.417,29,54.35,0.187,0.102,0.289,24.26,"1","0",292,"0"
"480",2006,10,7,293,32,3,0,70.334,54,23.26,66.14,294.7,4.65,65.22,1764.417,29.04,60.38,-0.092,1.051,1.29,40.31,"1","1",293,"1"
"481",2007,12,5,286,102,3,1,69.822,64,21.67,57.52,293.2,4.75,60.3,2439.417,28.32,61.63,0.26,0.666,0.926,38.653,"1","1",286,"1"
"482",2008,5,35,288,19,6,2,69.277,52,23.49,59.37,296.3,4.68,60.67,1471.417,28.04,61.02,-0.054,0.959,0.905,25.463,"1","0",288,"1"
"483",2009,10,99,149,129,6,0,70.229,66,19.44,55.12,285.8,4.66,61.2,2354,28.29,63.66,0.477,0.733,1.21,38.676,"0","0",309,"1"
"484",2010,36,99,149,75,5,0,70.174,57,25,56.7,292.1,4.65,61.9,2094.167,28.3,61.2,0.267,0.799,1.063,12.133,"0","0",309,"1"
"485",2011,96,8,284,137,3,0,70.809,60,16.07,52.98,294.7,4.75,64.12,2013.25,28.98,59.84,0.237,0.007,0.245,18.032,"1","1",284,"1"
"486",2012,52,99,153,32,3,0,69.736,67,21.43,59.86,293.6,4.61,62.17,2191.417,28.41,59.67,-0.02,0.908,0.888,32.522,"0","0",313,"1"
"487",2008,48,99,154,1,6,0,70.08,93,16.06,63.27,294.2,4.66,66.91,3672.833,29.38,56.2,0.208,0.856,1.064,58.432,"0","0",314,"0"
"488",2017,21,99,152,29,6,1,70.25,93,19.11,61.46,290.6,4.59,66.04,3477.083,28.66,63.38,0.342,0.535,0.877,27.518,"0","0",312,"1"
"489",2017,35,99,151,7,4,0,69.971,52,22.43,61.47,298.9,4.56,69.21,2353.833,29.19,60.15,0.159,1.111,1.269,32.809,"0","0",311,"0"
"490",2013,22,99,152,40,5,1,70.807,83,18.11,56.13,292,4.62,63.79,3793.917,28.6,60.44,0.35,-0.227,0.122,135.305,"0","0",312,"0"
"491",2014,15,22,286,49,4,2,70.598,92,17.49,55.59,292.3,4.67,63.64,3840,28.76,59.42,0.249,0.081,0.331,91.466,"1","1",286,"1"
"492",2015,10,49,300,43,4,1,70.292,103,21.29,54.78,292.9,4.61,64.42,3893.25,28.16,61.99,0.394,0.465,0.859,60.168,"1","0",300,"1"
"493",2016,13,99,153,14,11,1,70.17,105,17.89,55.96,297.4,4.57,64.65,3795.583,28.4,63.97,0.28,0.746,1.026,19.189,"0","0",313,"1"
"494",2017,24,1,273,100,4,0,70.453,107,22.02,56.52,295.3,4.65,62.09,4715.417,28.33,60.92,0.536,0.356,0.893,53.119,"1","1",273,"1"
"495",2017,52,99,152,158,3,0,71.598,84,22.98,52.54,293,4.78,63.52,3655.917,29.09,54.31,-0.103,-0.475,-0.578,67.483,"0","0",312,"0"
"496",2008,12,20,286,132,4,0,70.308,55,20.22,62.43,299.2,4.78,65.71,2014.667,30.44,52.02,-0.299,0.595,0.296,113.747,"1","1",286,"0"
"497",2010,7,38,289,5,7,0,69.72,64,18.66,61.31,294.2,4.64,68.68,2136.75,29.07,60.86,0.812,0.587,1.411,59.218,"1","0",289,"1"
"498",2014,48,6,279,21,0,0,70.152,56,21.88,60.49,293,4.6,65.77,1948.083,29,56.23,0.283,0.725,1.008,50.358,"1","1",279,"1"
"499",2015,25,4,287,19,8,0,69.806,87,24.64,64.16,297.8,4.58,72.36,2827.083,29.77,56.13,0.014,1.202,1.216,26.951,"1","1",287,"1"
"500",2016,16,6,284,25,7,0,69.95,77,23.53,64.67,295.2,4.64,70.8,2613.75,29.69,61.44,0.112,1.26,1.372,27.934,"1","1",284,"1"
"501",2017,13,15,283,18,9,0,69.469,94,23,63.46,297,4.63,69.96,2943.417,29.02,64.52,0.138,1.399,1.537,80.227,"1","1",283,"1"
"502",2006,43,99,158,168,2,0,71.443,72,16.83,72.9,274.3,4.66,65.28,2961.083,29.17,60.67,-0.215,0.231,-0.03,65.82,"0","0",318,"0"
"503",2013,69,99,159,71,1,0,70.368,45,21.97,56.31,295.3,4.58,61.24,1618.417,28.67,58.33,0.484,0.024,0.508,15.063,"0","0",319,"0"
"504",2005,61,99,150,136,3,1,70.878,85,15.95,61.71,289.1,4.71,64.29,3602.333,29.37,55.19,-0.164,0.396,0.233,0,"0","0",310,"0"
"505",2007,72,99,152,111,3,0,70.611,85,19.25,66.7,290.9,4.7,64.61,4295.5,29.51,59.88,-0.179,0.32,0.141,9.615,"0","0",312,"1"
"506",2005,4,1,281,8,9,4,69.386,81,21.28,58.69,300,4.59,66.89,2625.5,28.69,62.36,0.264,1.261,1.525,105.72,"1","1",281,"0"
"507",2006,4,24,299,10,8,2,69.5,74,23.33,58.61,300.7,4.54,68.28,2434.417,28.91,55.84,0.268,1.688,1.88,103.63,"1","1",299,"1"
"508",2007,2,5,286,7,7,3,69.456,73,19.13,56.94,298.1,4.45,64.95,2516.417,28.8,59.15,0.156,1.441,1.597,126.532,"1","1",286,"1"
"509",2008,2,5,279,3,8,2,69.167,80,26.21,55.27,295.7,4.59,65.81,2801.5,28.74,60.42,0.214,1.604,1.818,150.19,"1","1",279,"1"
"510",2009,3,1,272,33,7,3,70.218,66,21.28,52.21,300.1,4.67,64.29,2351.333,28.92,57.53,-0.146,0.963,0.816,24.578,"1","1",272,"1"
"511",2010,6,27,287,16,6,1,69.966,76,19.7,52.66,299.1,4.58,65.13,2728.5,28.79,61.84,-0.147,1.151,1.001,49.566,"1","0",287,"1"
"512",2011,14,3,280,21,7,1,69.891,79,18.52,53.2,299.8,4.54,66.96,2773.917,29.08,62.01,-0.19,1.373,1.182,88.218,"1","1",280,"1"
"513",2012,10,54,297,31,7,1,70.03,79,21.05,54.31,294.4,4.59,64.14,3019,28.49,61.57,0.562,0.86,1.422,83.834,"1","0",297,"1"
"514",2013,5,99,149,18,7,2,69.742,78,22.34,57.3,287.9,4.6,66.67,2667.083,28.56,58.55,0.661,0.775,1.436,33.677,"0","0",309,"1"
"515",2014,21,2,274,32,1,0,70.278,71,24.59,58.01,292.4,4.7,65.26,2570.417,28.58,61.71,0.234,0.634,0.868,12.197,"1","1",274,"1"
"516",2015,20,99,151,44,3,0,70.585,70,22.9,55.98,300.5,4.58,61.51,3163.833,28.23,59.38,0.262,0.319,0.581,76.425,"0","0",311,"1"
"517",2016,18,22,290,9,6,0,69.582,75,26.83,54.82,294.8,4.59,66.05,2948.167,28.21,64.32,0.565,0.799,1.364,40.743,"1","1",290,"1"
"518",2017,18,36,290,34,5,0,70.168,85,22.12,55.05,293.5,4.54,62.85,3268.583,28.25,60,0.337,0.711,1.048,124.153,"1","0",290,"1"
"519",2005,3,3,284,10,8,1,70.055,71,21.3,59.16,295.4,4.55,67.4,2158.583,29.48,56.15,0.088,0.583,0.671,93.74,"1","1",284,"0"
"520",2006,9,2,291,37,6,0,70.291,68,23.78,57.28,297.6,4.64,65.46,2051.167,28.98,57.37,0.129,1.016,1.144,81.23,"1","1",291,"1"
"521",2007,26,17,290,174,1,0,70.297,50,15.34,53.55,292.9,4.72,58.91,1914.917,29,54.37,-0.02,0.225,0.206,40.874,"1","1",290,"1"
"522",2008,22,99,146,163,2,0,70.272,59,16.93,56.79,287.1,4.73,59.39,1773.167,28.9,58.02,-0.121,0.476,0.355,91.813,"0","0",306,"1"
"523",2009,15,38,294,46,5,1,69.961,74,16.43,59.59,292.3,4.56,62.33,2960.333,28.63,59.8,0.47,0.541,1.011,76.15,"1","0",294,"1"
"524",2010,19,99,148,26,10,0,69.718,75,20.63,64.79,291.4,4.6,65.96,2391.75,28.65,63.91,0.679,0.917,1.598,35.724,"0","0",308,"1"
"525",2005,180,42,296,181,2,0,72.344,66,16.97,58,288,4.77,63.35,2599.333,29.79,52.57,-0.4,-0.208,-0.608,0,"1","0",296,"0"
"526",2006,189,54,308,117,1,0,71.468,85,20.16,63.24,295.6,4.6,66.2,3939.167,29.6,53.66,-0.084,0.026,-0.048,0,"1","0",308,"1"
"527",2010,31,38,289,34,7,0,70.429,98,20,64.19,292.7,4.69,69.9,3822.833,29.3,59.51,0.129,0.665,0.793,33.103,"1","0",289,"0"
"528",2011,41,27,290,17,4,0,70.007,84,25.1,56.7,299.5,4.61,64.47,3527.25,28.35,55.02,0.351,0.566,0.917,19.18,"1","0",290,"1"
"529",2012,29,38,292,42,5,1,70.606,84,20.48,64.43,293.2,4.61,64.99,3398.417,29.17,56.79,-0.202,0.72,0.518,46.775,"1","0",292,"1"
"530",2013,40,5,286,26,5,0,70.212,75,18.81,62.27,286.4,4.62,63.59,2881.583,28.65,59.59,0.425,0.358,0.783,35.64,"1","1",286,"1"
"531",2014,12,12,282,38,10,0,70.172,91,24.07,59.93,297.5,4.59,64.51,3024.333,28.46,62.06,0.29,0.48,0.769,13.824,"1","1",282,"1"
"532",2015,5,99,153,8,7,2,70.23,76,23.08,62.08,296.8,4.59,65.81,2762.167,28.44,61.1,0.309,0.779,1.088,122.037,"0","0",313,"1"
"533",2016,8,11,287,12,8,0,70.118,80,21.89,58.69,301.6,4.58,69.26,2835.667,29.16,62.21,0.153,1.224,1.378,102.237,"1","1",287,"1"
"534",2017,8,2,274,2,10,1,69.083,78,21.91,63.29,300.5,4.57,66.98,2808.25,28.32,62.85,0.812,1.062,1.875,28.851,"1","1",274,"1"
"535",2009,190,10,283,154,1,0,71.371,67,20.75,58.3,292.6,4.71,68.17,2455.917,30.41,51.78,-1.216,0.248,-0.968,13.579,"1","1",283,"0"
"536",2010,81,20,285,60,6,0,70.47,103,20,58.37,285.5,4.73,68.23,3679.667,29.32,59.59,0.021,0.58,0.604,18.442,"1","1",285,"1"
"537",2005,36,22,291,29,3,0,70.766,95,22.61,62.27,297.7,4.64,69.48,4011.167,29.99,53.99,-0.207,0.88,0.673,44.68,"1","1",291,"0"
"538",2006,17,99,159,2,3,0,69.99,79,20.09,69.33,293.9,4.61,67.89,3293.083,29.1,56.18,0.188,0.903,1.245,81.73,"0","0",319,"1"
"539",2007,42,42,299,55,8,0,70.462,90,18.41,60.85,299.6,4.6,68.29,3766.333,30.18,53.35,-0.364,1.034,0.67,42.239,"1","0",299,"1"
"540",2008,30,38,289,20,9,0,69.728,108,19.11,65.64,291.7,4.68,70.4,4232.333,30.07,55.26,-0.139,1.546,1.407,29.421,"1","0",289,"1"
"541",2009,16,45,298,41,3,0,70.067,71,15.74,66.94,293.1,4.68,68.1,2403.25,29.99,60.45,-0.631,1.619,0.987,64.403,"1","0",298,"1"
"542",2010,30,99,146,4,5,0,70.131,76,21.67,64.75,289.1,4.62,68.17,3295.75,29.31,56.37,0.137,1.014,1.156,29.223,"0","0",306,"1"
"543",2011,71,99,152,87,3,0,70.931,83,22.01,52.97,313.4,4.6,66.13,4205.583,29.4,53.56,-0.384,0.523,0.139,48.678,"0","0",312,"0"
"544",2012,38,38,292,20,8,0,70.066,89,26.64,56.58,310.3,4.57,69.23,4162.167,29.56,55.58,-0.225,1.212,0.988,34.99,"1","0",292,"1"
"545",2011,37,50,296,45,3,0,70.211,61,23.42,56.78,299.2,4.6,63.37,2479.25,28.92,60.41,0.066,0.612,0.678,15.713,"1","0",296,"0"
"546",2014,85,99,156,49,2,0,70.502,75,16.91,59.62,300,4.66,65.65,3121.167,28.9,59,0.119,0.319,0.438,17.998,"0","0",316,"0"
"547",2015,52,99,156,15,9,1,70.13,110,22.76,59.47,297.1,4.65,69.14,4769.5,29.1,59.57,0.381,0.712,1.093,12.135,"0","0",316,"1"
"548",2013,86,99,153,31,4,0,70.494,97,20.24,67.36,282.3,4.58,67.3,3467.25,29.24,61.47,-0.465,0.931,0.466,8.923,"0","0",313,"0"
"549",2016,86,99,157,21,4,0,70.588,97,22.03,69.37,284.2,4.6,69.13,4135.667,29.25,60.11,-0.257,0.844,0.587,4.644,"0","0",317,"1"
"550",2005,189,36,294,122,1,0,70.861,73,14.95,65.75,287.7,4.69,65.45,3443.333,29.32,60.35,-0.439,0.674,0.235,0,"1","0",294,"0"
"551",2008,92,49,298,154,2,0,70.778,87,19.49,64.66,278.6,4.7,62.58,3558.417,29.33,56.83,-0.264,0.287,0.023,7.477,"1","0",298,"1"
"552",2005,28,16,289,72,6,0,70.634,89,19.84,60.29,295.9,4.68,65.61,3692.167,29.23,55.96,0.134,0.688,0.822,80.35,"1","1",289,"0"
"553",2006,42,37,302,53,6,1,70.443,89,20.08,60.46,288.2,4.63,62.5,3317.667,28.44,58.2,0.759,0.164,0.843,15.34,"1","0",302,"1"
"554",2016,142,99,152,168,0,0,71.607,54,15.67,63.95,287.7,4.7,64,1927.333,29.08,61.73,-0.475,0.049,-0.426,5.472,"0","0",312,"1"
"555",2010,8,15,284,51,5,1,70.351,54,16.89,62.64,300,4.78,66.24,2067.917,29.27,60.13,-0.225,0.944,0.714,52.901,"1","1",284,"0"
"556",2012,2,25,290,2,10,4,68.873,60,21.23,56.61,310.1,4.49,66.36,1832.333,28.72,60.24,0.058,2.347,2.406,14.297,"1","1",290,"1"
"557",2013,7,8,288,26,5,0,70.288,56,18.82,57.92,302.2,4.69,65.45,2191.5,28.85,54.68,-0.093,1.077,0.985,64.25,"1","1",288,"1"
"558",2014,1,4,276,2,12,3,68.827,66,22.01,59.93,310.5,4.55,69.44,2297.25,28.59,58.52,0.274,1.992,2.266,98.14,"1","1",276,"1"
"559",2016,2,7,285,1,8,2,69.646,69,22.84,61.06,306.8,4.46,69.62,2367,29.18,58.7,-0.207,1.888,1.681,47.789,"1","1",285,"1"
"560",2017,7,5,279,17,6,0,69.529,51,23.44,54.97,316.7,4.54,65.94,1593.5,28.65,63.12,-0.151,1.363,1.212,111.086,"1","1",279,"1"
"561",2005,21,36,294,97,3,0,70.748,81,16.54,55.63,297.2,4.7,60.97,3121.083,28.92,57.48,0.27,0.322,0.592,135.93,"1","0",294,"0"
"562",2006,50,2,291,70,5,1,70.292,84,19.83,56.49,290.4,4.65,64.52,3110.917,28.92,59.43,-0.144,0.893,0.658,23.76,"1","1",291,"1"
"563",2007,11,99,149,44,10,1,69.741,81,21.96,59.14,289.9,4.67,61.6,3394.083,28.35,63.92,0.549,0.716,1.265,61.344,"0","0",309,"1"
"564",2008,46,20,286,39,3,0,70.626,77,18.83,61.99,292,4.68,66.08,2904.333,29.64,56.25,-0.119,0.524,0.405,23.667,"1","1",286,"1"
"565",2009,62,99,153,58,4,1,70.544,81,19.31,57.89,293.2,4.64,65.56,3541.667,29.19,56.85,-0.322,1.035,0.713,33.759,"0","0",313,"1"
"566",2010,51,99,150,67,3,0,71.366,79,20.18,60.28,289.1,4.68,66.74,3211.917,29.36,56.48,-0.202,0.358,0.16,78,"0","0",310,"1"
"567",2011,82,99,152,97,3,1,70.46,85,20.82,56.74,292.5,4.65,65.84,2789.167,29.3,58.23,-0.403,1.122,0.719,11.044,"0","0",312,"1"
"568",2013,49,31,293,43,3,1,70.57,80,21.21,64.68,289,4.7,64.25,3367.583,28.94,57.17,0.609,0.145,0.754,64.353,"1","0",293,"0"
"569",2014,60,21,285,103,3,1,71.379,92,20.32,63.67,293.7,4.74,61.84,4261.5,28.92,52.37,0.332,-0.438,-0.106,21.892,"1","1",285,"1"
"570",2016,61,11,287,19,4,0,70.558,76,23.76,63.15,295.6,4.69,68.27,3390.167,29.3,61.06,0.193,0.366,0.56,68.973,"1","1",287,"1"
"571",2017,53,15,283,31,5,1,70.027,99,19.12,62.79,297.6,4.63,67.32,4111.917,28.99,57.22,0.418,0.499,0.917,21.803,"1","1",283,"1"
"572",2015,34,99,152,75,3,0,70.421,96,21.43,67.76,284.4,4.72,70.83,3550.75,29.56,59.92,-0.021,0.827,0.806,14.041,"0","0",312,"0"
"573",2016,23,99,152,56,4,2,70.319,92,17.35,68.51,285.8,4.69,69.73,2889.75,29.52,61.86,-0.054,0.56,0.506,12.515,"0","0",312,"1"
"574",2009,59,14,286,53,6,1,70.598,89,21.3,65.46,295.9,4.66,66.14,3931.917,28.78,61.2,0.347,0.097,0.444,20.067,"1","1",286,"0"
"575",2010,40,35,288,49,6,0,70.623,80,22.33,67.99,289.7,4.63,66.67,3048.833,29.05,60.76,0.299,0.385,0.687,40.815,"1","0",288,"1"
"576",2012,44,38,292,7,8,1,70.3,89,20.23,65.75,287.6,4.73,66.35,4314.417,28.87,56.77,0.424,0.424,0.847,23.999,"1","0",292,"1"
"577",2013,33,99,149,78,3,0,70.825,72,21.56,68.44,282.3,4.66,64.32,2970.083,29.18,57.68,-0.028,0.377,0.35,23.57,"0","0",309,"1"
"578",2014,27,12,282,13,7,1,70.344,86,19.13,69.92,284.7,4.68,67.99,3074.833,29.05,57.64,0.042,0.794,0.836,33.149,"1","1",282,"1"
"579",2015,39,99,155,33,4,1,70.829,81,19.19,70.05,282.6,4.64,65.24,3059.667,28.51,60.25,0.16,0.418,0.578,50.5,"0","0",315,"1"
"580",2016,38,9,286,41,9,1,70.317,86,20.79,66.52,283.2,4.71,65.78,3091.417,28.58,60.12,0.351,0.544,0.895,28.017,"1","1",286,"1"
"581",2017,66,28,288,74,2,0,70.741,82,19.82,67.9,288,4.61,65.05,3445.583,29.04,56.74,-0.017,0.319,0.301,22.058,"1","0",288,"1"
"582",2009,102,99,149,96,1,0,71.491,78,20.26,61.23,297.1,4.72,65.38,3985.083,28.99,56.17,0.188,-0.561,-0.373,56.43,"0","0",309,"0"
"583",2010,61,10,282,43,5,1,70.824,84,17.89,57.23,295.8,4.72,65.48,4021.25,28.77,55.56,0.433,-0.139,0.294,23.8,"1","1",282,"1"
"584",2011,88,99,152,111,3,0,70.847,82,22.22,53.76,299.5,4.63,63.75,3200,28.7,59.96,-0.047,-0.078,-0.125,9.894,"0","0",312,"1"
"585",2014,25,33,288,5,8,0,69.993,85,23.33,58.55,300.4,4.65,66.67,3692.083,28.73,58.24,0.295,0.971,1.265,52.892,"1","0",288,"1"
"586",2012,114,38,292,157,2,0,70.854,54,14.77,53.28,290,4.63,59.61,2086.25,29.44,54.44,0.196,-0.234,-0.038,0,"1","0",292,"0"
"587",2008,69,20,286,124,5,1,70.557,80,17.62,59.64,278.6,4.65,61.39,3291.417,28.43,60.07,0.469,0.175,0.644,17.919,"1","1",286,"0"
"588",2013,15,99,149,95,2,1,71.111,83,19.51,58.39,285.3,4.75,63.72,3784.5,28.8,51.85,0.371,-0.488,-0.116,0,"0","0",309,"0"
"589",2014,84,33,288,64,0,0,71.168,76,18.18,61.39,288.5,4.64,62.94,3444.667,28.88,57.4,0.418,-0.202,0.216,21.186,"1","0",288,"1"
"590",2012,37,54,297,17,4,1,70.409,95,22.1,56.06,304.5,4.62,65.73,4331.833,28.74,59.9,0.221,0.635,0.857,40.953,"1","0",297,"0"
"591",2015,48,29,295,63,5,1,70.688,90,19.53,59.3,296.7,4.62,66.73,4340.833,28.88,58.63,0.006,0.322,0.329,17.891,"1","0",295,"1"
"592",2016,50,99,152,41,3,0,70.855,87,17.14,59.41,297.9,4.61,67.33,3355.833,29.48,57.29,-0.286,0.478,0.192,5.565,"0","0",312,"1"
"593",2011,154,27,290,125,2,1,71.036,84,19.54,56.91,303.7,4.66,66.6,3574.333,29.71,53.52,-0.154,0.213,0.059,3.64,"1","0",290,"0"
"594",2013,61,99,155,80,4,0,71.135,79,19.03,58.73,295.7,4.67,64.63,3584.25,29,55.07,0.146,-0.381,-0.235,55.462,"0","0",315,"1"
"595",2005,24,16,289,12,5,0,69.985,87,23.91,71.48,281.2,4.58,66.47,3463.583,28.8,57.23,-0.067,1.042,0.974,63.77,"1","1",289,"0"
"596",2006,67,30,301,45,4,0,70.67,88,19.55,75.23,276.1,4.72,66.02,2692.5,28.72,62.55,0.081,0.573,0.617,0,"1","0",301,"1"
"597",2007,22,99,153,39,10,1,69.693,82,17.59,71.42,279.6,4.74,64.33,2825.583,28.67,61.15,-0.236,1.179,0.943,25.213,"0","0",313,"1"
"598",2009,64,18,287,16,6,0,70.037,88,21.56,71.4,281.1,4.64,67,3790.833,28.89,59.32,0.031,0.856,0.887,12.184,"1","1",287,"1"
"599",2005,49,99,152,31,4,1,70.613,103,17.88,61.41,300.1,4.68,67.23,5076.333,29.48,57.71,0.133,0.229,0.362,9.49,"0","0",312,"0"
"600",2007,29,14,289,6,5,0,70.19,98,21.9,64.71,296.8,4.63,67.12,3964,29.4,60.17,0.18,0.972,1.152,75.366,"1","1",289,"1"
"601",2008,28,10,281,113,3,1,70.323,81,15.79,60.44,291.1,4.66,64.47,3356,29.74,55.79,-0.214,0.624,0.411,83.267,"1","1",281,"1"
"602",2009,19,30,291,22,9,1,69.947,80,23.42,61.6,293.3,4.67,67.84,2827.583,29.54,57.5,-0.127,1.297,1.17,28.644,"1","0",291,"1"
"603",2010,64,99,146,100,3,0,70.603,84,18.54,63.98,289.3,4.72,68.22,3169.75,29.8,61.83,-0.071,0.697,0.615,6.556,"0","0",306,"1"
"604",2011,78,32,291,155,1,1,70.81,71,15.65,55.78,294.6,4.69,63.17,3094.5,29.54,54.74,-0.253,0.164,-0.089,28.023,"1","0",291,"1"
"605",2016,85,99,153,13,2,0,70.677,89,20.78,58.84,302.2,4.64,67.17,4358.833,29.02,57.79,0.208,0.163,0.371,21.293,"0","0",313,"1"
"606",2005,6,46,298,22,8,1,69.639,73,28,59.44,303.5,4.56,71.81,2359.75,30.16,59.42,-0.26,1.773,1.513,49.72,"1","0",298,"0"
"607",2006,12,99,154,54,5,0,70.567,59,23.56,61.11,292.7,4.62,67.47,2286.417,29.78,52.8,-0.123,1.122,0.841,63.5,"0","0",314,"1"
"608",2007,14,99,148,20,7,0,69.481,68,20.65,56.28,294.2,4.58,64.56,2564.333,28.62,57.96,0.269,1.192,1.461,26.4,"0","0",308,"1"
"609",2008,3,38,289,28,6,1,69.117,72,21.05,59.39,294.6,4.57,67.06,2609.167,29.61,57.59,-0.077,1.625,1.548,31.456,"1","0",289,"1"
"610",2009,17,45,298,50,3,0,70.056,59,22.93,59.61,298.5,4.62,65.61,2146.75,29.36,57.94,-0.065,0.828,0.763,35.728,"1","0",298,"1"
"611",2010,72,35,288,157,1,0,71.076,58,26.79,63.75,292.7,4.66,66.13,1655.417,29.88,54.57,-0.36,0.424,0.068,25.208,"1","0",288,"1"
"612",2011,21,12,286,26,3,0,69.564,61,24.52,58,299.2,4.62,66.85,2242.917,29.13,60.16,-0.119,1.103,0.984,39.428,"1","1",286,"1"
"613",2012,16,8,285,18,3,1,69.928,57,19.46,61.15,292.4,4.54,64.98,2241.333,28.66,58.36,0.4,0.704,1.104,65.264,"1","1",285,"1"
"614",2013,8,99,149,9,6,0,69.543,65,26.38,61.28,291,4.57,67.46,2153.333,28.92,57.45,0.591,0.928,1.519,69.391,"0","0",309,"1"
"615",2014,8,17,283,4,10,0,68.95,61,20,62.19,294.3,4.65,68.68,1793.917,28.59,66.67,0.167,1.818,1.984,19.108,"1","1",283,"1"
"616",2015,15,34,296,32,4,0,69.958,59,19.72,59.47,300,4.63,67.56,2042.75,28.96,58.41,-0.022,1.067,1.045,53.912,"1","0",296,"1"
"617",2016,11,1,279,4,4,1,69.999,54,24.09,61.76,299.9,4.61,70.15,1764.167,29.75,57.66,-0.388,1.189,0.801,65.972,"1","1",279,"1"
"618",2017,9,99,159,15,3,1,69.596,65,20.78,61.08,300.9,4.61,69.73,1941.333,29.38,61.39,-0.39,1.331,0.941,68.33,"0","0",319,"1"
"619",2014,84,38,289,42,3,1,70.661,92,25.42,55.02,296.5,4.67,66.97,3611.917,29.2,60.33,-0.121,0.427,0.306,0,"1","0",289,"0"
"620",2016,65,99,151,105,2,0,70.64,57,18.33,61.85,298.7,4.78,64.51,1879.083,29.56,53.91,0.06,0.491,0.551,11.93,"0","0",311,"0"
"621",2005,174,99,152,174,2,0,71.489,81,13.93,62.1,288.4,4.7,65.05,3612.833,29.77,54.93,0.146,-0.034,0.112,0,"0","0",312,"0"
"622",2006,59,99,159,75,2,0,70.636,96,20.82,61.79,288.4,4.67,67.62,3864.5,29.53,56.27,0.133,0.541,0.637,0,"0","0",319,"1"
"623",2007,150,99,150,159,3,0,70.964,91,18.73,67.72,284.4,4.76,66.04,3297.917,29.82,57.25,-0.027,0.393,0.366,1.354,"0","0",310,"1"
"624",2005,64,99,154,24,5,0,70.176,99,20.23,61.66,288.8,4.67,65.42,3561.583,28.76,60.98,0.261,0.92,1.182,0,"0","0",314,"0"
"625",2016,26,99,156,26,5,1,70.56,113,19.13,62.84,293.5,4.59,64.83,4800.417,28.6,62.32,-0.109,0.608,0.499,0,"0","0",316,"0"
"626",2017,177,24,287,188,2,1,72.253,80,19.92,55.92,288.4,4.75,58.84,3261.25,29.13,55.13,-0.442,-0.78,-1.222,0,"1","1",287,"1"
"627",2005,25,11,287,138,3,0,70.507,82,16.46,61.01,285.8,4.74,62.03,3550.167,28.68,60.56,0.426,0.376,0.802,94.54,"1","1",287,"0"
"628",2006,28,24,299,18,3,1,70.436,63,20.96,62.98,289.8,4.62,66.49,2367.667,29.05,59.09,0.462,0.745,1.112,34.07,"1","1",299,"1"
"629",2007,28,25,292,116,4,1,70.09,81,15.69,67.07,282.2,4.76,64.94,3282.75,29.34,58.49,0.251,0.33,0.58,34.516,"1","1",292,"1"
"630",2008,45,20,286,56,7,0,69.988,83,20.61,62.72,283.8,4.64,65.04,2834.75,28.99,58.72,0.303,0.736,1.039,16.021,"1","1",286,"1"
"631",2007,108,5,286,60,3,2,70.958,100,19.73,63.56,287.5,4.69,65.83,3949.917,29.42,58.05,-0.244,0.252,0.007,10.342,"1","1",286,"0"
"632",2008,117,6,280,93,2,0,70.975,95,21.63,60.98,281.9,4.67,64.62,3525.5,29.05,59.34,-0.097,0.09,-0.007,9.632,"1","1",280,"1"
"633",2009,276,38,294,127,2,0,71.055,77,23.3,63.01,284.4,4.72,66.67,2825.833,29.27,60.82,-0.292,0.18,-0.112,0,"1","0",294,"1"
"634",2007,127,99,157,79,1,0,71.573,74,20.61,63.33,292,4.69,66.29,3695.25,29.61,56.12,-0.086,-0.144,-0.23,43.092,"0","0",317,"0"
"635",2009,120,14,286,31,5,0,69.903,98,22.27,63.41,295.7,4.58,68.26,3935.083,29.19,59.96,0.11,0.91,1.02,0,"1","1",286,"0"
"636",2010,48,42,290,80,3,0,70.875,81,26.75,61.96,290.6,4.73,67.49,3609.167,29.53,56.33,0.261,0.307,0.567,0,"1","0",290,"1"
"637",2006,41,99,156,4,7,0,69.372,64,17.74,66.98,285.3,4.58,68.01,1880.167,28.26,65.55,0.614,0.875,1.735,35.25,"0","0",316,"0"
"638",2007,4,99,150,37,9,1,69.394,81,15.23,63.73,283.7,4.62,65.83,2330.833,28.64,60.98,0.322,1.164,1.486,75.183,"0","0",310,"1"
"639",2008,11,6,280,108,6,0,69.976,75,13.78,56.25,283.6,4.63,63.81,2533.167,28.76,61.83,0.411,0.497,0.908,73.463,"1","1",280,"1"
"640",2009,2,30,291,6,11,3,69.286,81,21.51,66.82,286.1,4.54,66.67,2545.167,28.24,66.46,0.207,1.621,1.828,101.601,"1","0",291,"1"
"641",2010,10,11,283,3,9,2,69.66,73,17.72,68.5,282.9,4.58,68.29,2152.5,28.69,63.75,0.437,1.383,1.818,31.402,"1","1",283,"1"
"642",2011,5,47,295,8,5,2,69.362,70,20.26,62.47,288.8,4.49,66.02,2205.917,27.96,64.93,0.78,0.95,1.73,61.43,"1","0",295,"1"
"643",2012,8,20,289,22,7,1,69.865,73,19.88,63.31,285.4,4.62,68.33,2156.667,29.06,60.15,0.134,1.161,1.295,88.336,"1","1",289,"1"
"644",2013,15,31,293,2,8,0,68.893,51,22.22,70.65,283.6,4.52,71.16,1306.75,28.68,65.57,0.72,1.474,2.193,3.311,"1","0",293,"1"
"645",2016,115,16,288,60,3,0,69.996,53,23.26,63.23,278,4.63,63,1903,27.96,66.01,0.62,0.101,0.721,4.316,"1","1",288,"1"
"646",2013,134,26,292,105,1,0,71.335,67,20.86,53.04,300.2,4.6,61.97,2983.667,28.48,62.47,-0.046,-0.283,-0.329,42.695,"1","0",292,"0"
"647",2015,84,99,161,47,2,1,70.835,103,23.75,54.04,302.1,4.65,63.43,4381,28.2,65.19,0.144,0.256,0.4,7.834,"0","0",321,"1"
"648",2005,41,10,286,56,5,0,70.32,98,18.34,60.62,285.5,4.74,65.74,3596,28.98,59.46,0.545,0.278,0.823,20.67,"1","1",286,"0"
"649",2006,25,17,297,25,7,0,69.66,93,18.49,59.72,292,4.62,64.9,3645.833,28.75,60.61,0.789,0.557,1.289,21.55,"1","1",297,"1"
"650",2007,15,3,284,57,6,0,70.133,91,20.72,56.47,294.7,4.68,66.16,3460,29.18,56.9,0.412,0.256,0.668,89.537,"1","1",284,"1"
"651",2008,18,99,147,5,7,1,70.019,87,23.25,55.27,296.9,4.61,66.94,3042.333,29.16,55.6,0.521,0.604,1.125,38.303,"0","0",307,"1"
"652",2009,22,99,152,117,4,1,70.465,79,16.82,58.58,294.7,4.64,63.47,3135.667,29.08,57.5,0.34,-0.054,0.287,26.265,"0","0",312,"1"
"653",2010,58,99,146,43,3,0,70.431,84,22.94,63.98,292.4,4.59,68.61,3067.167,29.48,57.08,0.19,0.628,0.827,18.493,"0","0",306,"1"
"654",2011,163,50,296,107,1,0,70.7,72,21.46,56.58,291.8,4.67,64.31,2479.917,28.97,57.08,0.169,0.501,0.67,7.701,"1","0",296,"1"
"655",2012,214,25,290,179,0,0,71.483,71,15.18,53.43,288.8,4.74,64.26,2951.25,29.7,52.9,0.301,-0.529,-0.228,24.669,"1","1",290,"1"
"656",2013,177,14,289,81,3,0,70.633,71,21.56,57.19,290,4.65,67.76,2377.917,29.99,53.16,-0.238,0.654,0.416,4.638,"1","1",289,"1"
"657",2005,31,19,290,92,4,1,70.543,84,18.39,59.31,300.6,4.6,66.88,3159.667,29.44,59.33,-0.072,0.783,0.712,62.2,"1","1",290,"0"
"658",2006,19,7,293,24,6,2,70.251,83,17.35,59.62,289.7,4.59,63.53,3353.167,28.63,59.18,0.22,1.143,1.262,50.98,"1","1",293,"1"
"659",2007,27,14,289,138,3,0,70.477,74,18.18,60.43,290.9,4.7,61.57,2831.583,29.12,58.42,-0.037,0.376,0.339,50.547,"1","1",289,"1"
"660",2008,54,30,287,70,7,0,69.726,87,15.87,58.19,290.9,4.66,61.9,3433.833,28.55,60.24,0.427,0.648,1.075,9.969,"1","0",287,"1"
"661",2010,68,99,147,153,3,1,70.954,101,19.8,59.75,289,4.71,61.84,4562.833,28.89,58.82,-0.056,0.189,0.13,22.521,"0","0",307,"1"
"662",2012,176,99,149,176,1,1,71.71,77,17.48,64.18,284.5,4.76,63.32,3238,29.33,55.6,0.073,-0.896,-0.823,0,"0","0",309,"0"
"663",2005,71,32,293,113,3,1,70.831,122,21.11,63.35,295.2,4.65,65.07,5344.333,29.7,54.89,-0.249,0.375,0.127,0,"1","0",293,"0"
"664",2005,126,99,149,200,1,0,71.982,54,14.69,56.88,287.2,4.84,61.32,2261.583,30.19,51.49,-0.849,-0.383,-1.233,0,"0","0",309,"0"
"665",2005,1,3,284,1,13,6,68.655,76,24.4,54.58,316.1,4.52,69.89,2937.5,28.7,62.09,0.659,1.742,2.401,187.48,"1","1",284,"0"
"666",2006,1,2,291,1,11,8,68.115,55,24.77,60.71,306.4,4.43,74.15,1432.917,29.38,62.81,0.461,2.982,3.304,156.12,"1","1",291,"1"
"667",2007,1,2,283,1,12,7,67.794,63,23.39,59.83,302.4,4.48,71.02,1838.417,28.93,61.02,0.712,2.38,3.092,266.24,"1","1",283,"1"
"668",2009,1,4,277,1,14,6,68.052,64,17.95,64.29,298.4,4.43,68.46,2081.083,28.44,68.18,0.877,2.311,3.189,0,"1","1",277,"1"
"669",2012,1,4,283,10,9,3,68.904,69,18.9,63.93,297.4,4.56,67.58,2218.5,28.91,63.17,0.339,1.971,2.31,194.044,"1","1",283,"1"
"670",2005,30,2,283,9,6,0,70.067,92,24.5,65.77,283.8,4.56,64.24,3285,28.6,58.21,-0.177,0.848,0.671,23.14,"1","1",283,"0"
"671",2006,39,13,296,69,4,0,70.577,80,18.81,67.27,276.7,4.61,65.96,2435.333,29.03,59.09,0.22,0.551,0.679,4.42,"1","1",296,"1"
"672",2007,35,99,152,19,6,0,69.877,66,13.14,68.95,278.1,4.69,61.37,2397.5,27.88,63.6,0.695,0.293,0.988,12.858,"0","0",312,"1"
"673",2008,37,13,282,46,3,0,70.311,90,18.25,64.98,281.1,4.74,63.61,3325.417,28.97,58.32,0.076,0.565,0.641,31.273,"1","1",282,"1"
"674",2009,37,99,148,3,5,0,69.658,81,23.44,74.06,280.1,4.61,66.95,2320.667,28.53,62.93,0.276,0.985,1.261,38.454,"0","0",308,"1"
"675",2010,23,99,146,38,7,1,70.246,88,18.32,73.72,272.2,4.71,66.73,2787.583,28.87,62.67,0.269,0.564,0.832,28.13,"0","0",306,"1"
"676",2012,58,11,286,93,3,0,70.697,60,14.71,71.6,276.7,4.74,64.26,2470,29.33,58.03,-0.121,0.422,0.301,32.71,"1","1",286,"1"
"677",2013,114,99,157,108,3,0,70.693,64,16.76,70.31,273.9,4.69,62.02,2078.333,28.89,60.19,0.058,0.086,0.144,0,"0","0",317,"1"
"678",2005,62,36,294,35,7,0,70.106,100,22.81,61.61,292.1,4.66,65.26,3632.25,28.56,61.71,0.45,0.797,1.247,0,"1","0",294,"0"
"679",2006,88,37,302,144,2,1,71.269,82,14.02,58.28,294.8,4.71,62.62,3095.833,29.44,55.23,-0.579,0.47,-0.144,0,"1","0",302,"1"
"680",2005,161,99,150,160,0,0,71.458,94,18.56,61.92,287.2,4.73,63.68,3779.25,29.15,53.11,0.004,-0.143,-0.139,0,"0","0",310,"0"
"681",2006,194,99,154,194,1,0,72.836,72,14.29,56.32,283.6,4.78,56.87,3526.417,29.01,51.34,-0.164,-1.425,-1.726,0,"0","0",314,"1"
"682",2007,195,36,295,195,0,0,72.933,76,15.49,57.06,288.7,4.85,56.94,3367.75,29.13,50.76,0.032,-1.585,-1.554,0,"1","0",295,"1"
"683",2008,143,15,283,161,0,0,71.077,92,15.56,66.87,284,4.75,62.98,4018.417,29.21,53.83,0.309,-0.187,0.123,0,"1","1",283,"1"
"684",2009,148,99,151,166,1,0,71.505,83,18.9,64.6,284.8,4.75,63.65,3370.167,29.31,57.74,0.123,-0.612,-0.489,0,"0","0",311,"1"
"685",2005,33,99,151,110,4,0,70.639,69,13.85,64.29,285.9,4.69,67.58,2487.167,29.69,56.78,-0.332,0.58,0.248,50.92,"0","0",311,"0"
"686",2006,31,17,297,31,7,0,70.321,108,22.22,65.28,283.9,4.61,64.53,4372.417,28.88,58.58,0.541,0.406,0.85,0,"1","1",297,"0"
"687",2017,34,10,281,6,8,0,69.987,106,23.74,57.53,309.2,4.56,68.96,4631.917,29.26,59.38,-0.133,1.28,1.147,53.727,"1","1",281,"0"
"688",2006,13,55,309,9,8,1,69.507,86,19.91,62.08,294.9,4.54,69.06,3351.5,29.26,60.54,0.058,1.646,1.607,67.79,"1","0",309,"0"
"689",2007,24,1,280,152,4,0,70.731,74,15.94,64.85,286.6,4.78,65.52,2412.917,30.19,56.16,-0.253,0.735,0.482,8.486,"1","1",280,"1"
"690",2008,34,20,286,182,3,1,70.519,70,17.17,62.45,291.3,4.75,63.07,2206.583,29.68,52.88,-0.675,0.67,-0.006,10.708,"1","1",286,"1"
"691",2010,216,15,284,144,0,0,71.162,55,17.61,64.07,286.4,4.71,66.06,2062.5,29.89,59.52,0.074,-0.401,-0.324,9.814,"1","1",284,"1"
"692",2011,127,60,301,90,2,0,70.433,84,15.89,61.74,288.5,4.68,68.12,2764.167,29.61,58.09,0.297,0.036,0.333,13.74,"1","0",301,"1"
"693",2012,264,50,295,172,0,0,71.37,76,18.07,59.7,290.9,4.76,63.45,2814,29.59,56.6,-0.122,0.487,0.365,3.642,"1","0",295,"1"
"694",2013,222,99,153,169,1,0,71.491,73,16.16,61.19,283.6,4.75,66.51,2847,29.94,59.13,-0.365,0.074,-0.291,10.403,"0","0",313,"1"
"695",2014,146,99,153,146,1,0,71.471,84,14.52,58.5,291.8,4.66,65.28,3463.833,29.7,54.6,-0.474,0.157,-0.317,0,"0","0",313,"1"
"696",2006,83,99,158,115,5,1,71.335,101,15.12,59.45,298.7,4.63,66.34,5563.583,29.52,57.68,-0.014,-0.178,-0.349,0,"0","0",318,"0"
"697",2015,83,42,299,173,3,1,71.458,91,16.6,62.83,285.2,4.81,63.37,4557.583,28.59,61.83,0.384,-0.579,-0.195,30.86,"1","0",299,"0"
"698",2005,75,99,149,29,4,1,70.765,99,21.68,64.21,290.3,4.65,65.66,4613.167,28.9,57.84,-0.195,0.558,0.363,0,"0","0",309,"0"
"699",2006,54,10,295,14,6,0,70.457,88,25.93,63.31,286.6,4.61,64.08,3924.25,28.67,55.36,0.366,0.692,0.967,0,"1","1",295,"1"
"700",2007,116,99,151,43,3,0,70.561,91,19.57,64.2,283.6,4.64,64.18,3679,29.1,54.37,0.237,0.269,0.506,14.549,"0","0",311,"1"
"701",2005,2,8,285,2,18,4,69.04,111,27.83,60.2,301.1,4.54,70.54,4475.25,29.25,64.19,0.159,2.03,2.189,94.93,"1","1",285,"0"
"702",2006,7,13,296,6,13,1,69.619,103,22.39,59.4,293.7,4.57,67.83,3906.333,28.89,60.28,0.055,1.67,1.699,155.75,"1","1",296,"1"
"703",2007,8,14,289,5,7,2,69.489,102,21.22,59.66,293.8,4.56,66.22,3991.167,29.05,58.88,-0.023,1.402,1.379,106.069,"1","1",289,"1"
"704",2008,6,30,287,31,8,3,69.58,82,17.31,59.45,297.8,4.52,68.45,2501.5,29.47,58.92,-0.407,1.875,1.467,8.141,"1","0",287,"1"
"705",2009,35,99,154,135,3,0,70.662,71,20.83,60.89,293.9,4.66,66.18,2513.917,29.88,55.71,-0.657,0.777,0.12,26.059,"0","0",314,"1"
"706",2010,52,99,154,28,2,0,70.343,75,23.08,63.28,292.3,4.61,68.62,2551.5,29.84,56.46,-0.739,1.494,0.753,65.269,"0","0",314,"1"
"707",2011,80,27,290,75,5,0,70.61,79,16.95,59.67,294.3,4.64,66.46,3070.25,29.53,57.23,-0.131,0.73,0.6,12.762,"1","0",290,"1"
"708",2012,106,38,292,30,5,0,70.156,99,20.79,61.62,295.4,4.64,66.22,4250.833,29.41,59.3,-0.404,1.167,0.763,7.68,"1","0",292,"1"
"709",2013,159,37,295,143,0,0,70.995,61,17.74,62.31,288.1,4.75,69.13,2108.75,30.89,57.23,-0.876,0.851,-0.025,4.901,"1","0",295,"1"
"710",2014,219,54,295,116,1,0,70.933,83,18.85,60.66,289.7,4.65,65.39,3540.75,29.54,59.19,-0.579,0.554,-0.025,13.79,"1","0",295,"1"
"711",2015,208,99,153,96,1,0,70.761,78,20.1,60.06,290.6,4.61,66.24,3419.833,29.15,60.97,-0.511,0.812,0.302,12.64,"0","0",313,"1"
"712",2016,247,99,153,165,2,0,71.057,72,16.09,56.73,289.8,4.71,62.73,3505.417,29.01,56.52,-0.093,0.222,0.128,0,"0","0",313,"1"
"713",2011,10,44,294,1,12,2,69.252,98,27.4,61.93,296.2,4.48,69.84,3588.333,28.77,62.22,0.271,1.492,1.764,36.146,"1","0",294,"0"
"714",2012,20,99,149,16,7,1,70.04,77,21.94,61.47,288.6,4.6,67.47,2979.833,28.79,58.65,0.211,0.912,1.123,44.763,"0","0",309,"1"
"715",2013,24,99,149,17,5,0,69.783,92,24.17,63.3,285.4,4.62,66.67,3330.167,28.93,57.95,0.313,0.958,1.271,36.128,"0","0",309,"1"
"716",2014,44,28,287,33,9,1,70.234,87,18.33,62.24,288.5,4.65,65.28,3210.5,28.83,59.05,0.3,0.58,0.88,26.748,"1","0",287,"1"
"717",2015,81,29,295,22,5,0,70.31,81,20.41,67.85,289.4,4.54,67.81,2645.75,29.35,64.38,-0.646,1.346,0.7,11.326,"1","0",295,"1"
"718",2016,67,99,152,36,2,0,70.359,70,20.31,62.17,286.3,4.69,67.14,2519.667,29.36,59.42,-0.482,1.149,0.667,42.894,"0","0",312,"1"
"719",2017,41,20,286,21,6,0,70.018,102,23.43,65.51,286.2,4.68,65.26,3651.167,28.52,65.15,0.07,0.875,0.945,37.912,"1","1",286,"1"
"720",2017,92,99,152,110,5,1,71.062,95,16.73,57.89,279.6,4.74,60.92,3692.667,28.12,61.5,0.301,-0.134,0.167,4.66,"0","0",312,"0"
"721",2016,53,22,290,52,7,1,70.393,98,18.95,65.28,287.6,4.68,67.35,4796.333,29.08,60.76,0.36,0.598,0.958,23.033,"1","1",290,"0"
"722",2007,30,99,152,87,3,1,70.419,95,20.37,63.32,286.1,4.75,65.5,4327.833,29.19,60.85,-0.208,0.527,0.319,29.729,"0","0",312,"0"
"723",2017,26,50,296,13,4,2,70.163,96,22.83,57.68,306.3,4.62,67.74,3746,29.1,56.95,0.342,0.382,0.724,28.052,"1","0",296,"0"
"724",2008,72,99,147,120,1,0,71.476,89,15.38,63.43,286.9,4.7,65.96,4209.583,29.46,55.72,-0.097,-0.299,-0.397,0,"0","0",307,"0"
"725",2009,29,8,281,41,4,2,70.46,83,22.08,60.56,291.3,4.64,66.17,3593.583,29.19,58.42,-0.065,0.448,0.383,39.543,"1","1",281,"1"
"726",2010,33,20,285,79,2,0,71.033,72,20.2,64.31,288.6,4.71,65.95,2873.25,29.07,56.18,0.188,-0.019,0.166,58.156,"1","1",285,"1"
"727",2011,55,57,299,99,5,0,70.277,63,20.25,62.23,290.2,4.61,62.52,2105,28.69,61.31,0.267,0.003,0.27,12.273,"1","0",299,"1"
"728",2012,151,99,149,151,0,0,71.005,64,20.3,61.06,284.9,4.72,58.51,3055.5,28.5,57.67,0.516,-0.663,-0.146,6.22,"0","0",309,"1"
"729",2013,34,99,154,164,0,0,71.348,56,17.05,62.79,286.7,4.71,62.7,2002.5,29.11,56.65,-0.069,-0.504,-0.573,0,"0","0",314,"1"
"730",2005,38,32,293,32,5,0,70.38,96,20,66.92,290,4.65,66.67,4142.833,29,57.37,0.33,0.591,0.922,69.41,"1","0",293,"0"
"731",2006,56,1,289,64,4,0,70.42,98,18.91,69.63,283.7,4.74,66.86,3577.75,29.32,57.52,0.045,0.761,0.752,0,"1","1",289,"1"
"732",2007,19,20,291,77,5,2,69.906,76,14.85,73.05,280.4,4.69,64.44,2901.833,28.71,60.42,0.659,0.415,1.074,23.09,"1","1",291,"1"
"733",2008,27,99,150,88,3,1,70.597,85,17.6,73.73,275.1,4.74,67.59,3284.25,29.38,57.14,0.039,0.572,0.611,87.135,"0","0",310,"1"
"734",2009,28,42,295,2,9,2,69.601,94,24.09,71.47,281.2,4.62,67.81,3179,28.76,62.1,0.38,1.165,1.545,18.477,"1","0",295,"1"
"735",2010,34,99,146,37,3,1,70.527,93,21.79,71.24,279.7,4.71,66.54,3711.5,28.73,57.66,0.583,0.21,0.792,15.988,"0","0",306,"1"
"736",2011,44,32,291,20,4,0,69.966,79,16.39,71.06,278.2,4.6,66.38,2953.25,28.71,63.98,0.58,0.453,1.033,28.706,"1","0",291,"1"
"737",2012,27,35,291,9,6,2,69.821,95,22.98,68.53,281.1,4.6,64.95,3781.833,28.45,60.37,0.568,0.629,1.197,12.223,"1","0",291,"1"
"738",2013,9,99,150,50,8,1,70.073,84,23.22,69.68,278.8,4.68,68.14,2744.417,29.35,59.66,0.365,0.479,0.844,82.8,"0","0",310,"1"
"739",2014,24,9,280,26,5,1,70.159,97,20.25,70.51,282.2,4.58,67.42,3347.417,28.9,60.75,0.106,0.751,0.857,28.431,"1","1",280,"1"
"740",2015,16,99,152,13,10,1,69.753,90,23.04,71.21,282.6,4.61,68.58,3199.5,28.78,60.98,0.04,1.081,1.12,39.409,"0","0",312,"1"
"741",2016,49,99,151,65,5,0,70.364,90,19.56,65.23,280.1,4.65,64.53,3122,28.49,62.11,0.395,0.214,0.609,27.706,"0","0",311,"1"
"742",2017,56,36,290,71,4,0,70.393,81,16.75,66.54,286.8,4.75,64.16,3179.833,28.52,60.08,0.415,0.169,0.584,15.116,"1","0",290,"1"
